,index,model,horizon_minutes,norm_abs_error
0,0,de_pv_only,15,0.010387176647782326
1,1,de_pv_only,30,0.01233135350048542
2,2,de_pv_only,45,0.014300067909061909
3,3,de_pv_only,60,0.016441335901618004
4,4,de_pv_only,75,0.01843336783349514
5,5,de_pv_only,90,0.020405862480401993
6,6,de_pv_only,105,0.02233288250863552
7,7,de_pv_only,120,0.02420528419315815
8,8,de_pv_only,135,0.02606925740838051
9,9,de_pv_only,150,0.027841929346323013
10,10,de_pv_only,165,0.029507266357541084
11,11,de_pv_only,180,0.03110983408987522
12,12,de_pv_only,195,0.03252628818154335
13,13,de_pv_only,210,0.03396148234605789
14,14,de_pv_only,225,0.035090237855911255
15,15,de_pv_only,240,0.03620591014623642
16,16,de_pv_only,255,0.0373903326690197
17,17,de_pv_only,270,0.03848522529006004
18,18,de_pv_only,285,0.039541326463222504
19,19,de_pv_only,300,0.04052311182022095
20,20,de_pv_only,315,0.04149223864078522
21,21,de_pv_only,330,0.042334362864494324
22,22,de_pv_only,345,0.04320838302373886
23,23,de_pv_only,360,0.043875496834516525
24,24,de_pv_only,375,0.04456159844994545
25,25,de_pv_only,390,0.04518164321780205
26,26,de_pv_only,405,0.045783963054418564
27,27,de_pv_only,420,0.046385519206523895
28,28,de_pv_only,435,0.046892330050468445
29,29,de_pv_only,450,0.04737972468137741
30,30,de_pv_only,465,0.0478062629699707
31,31,de_pv_only,480,0.048195041716098785
32,32,de_pv_only,495,0.04849439114332199
33,33,de_pv_only,510,0.048892632126808167
34,34,de_pv_only,525,0.04922589287161827
35,35,de_pv_only,540,0.04950632527470589
36,36,de_pv_only,555,0.04969705268740654
37,37,de_pv_only,570,0.04990456998348236
38,38,de_pv_only,585,0.05009390786290169
39,39,de_pv_only,600,0.05020272359251976
40,40,de_pv_only,615,0.05034618452191353
41,41,de_pv_only,630,0.050438109785318375
42,42,de_pv_only,645,0.05046887323260307
43,43,de_pv_only,660,0.050379540771245956
44,44,de_pv_only,675,0.05029335618019104
45,45,de_pv_only,690,0.05024413391947746
46,46,de_pv_only,705,0.05019335821270943
47,47,de_pv_only,720,0.05014820769429207
48,48,de_pv_only,735,0.05005895346403122
49,49,de_pv_only,750,0.04989907518029213
50,50,de_pv_only,765,0.049698665738105774
51,51,de_pv_only,780,0.04942997917532921
52,52,de_pv_only,795,0.04919074848294258
53,53,de_pv_only,810,0.04898259416222572
54,54,de_pv_only,825,0.04868026822805405
55,55,de_pv_only,840,0.04852989315986633
56,56,de_pv_only,855,0.04818297550082207
57,57,de_pv_only,870,0.04779362305998802
58,58,de_pv_only,885,0.047390542924404144
59,59,de_pv_only,900,0.047016385942697525
60,60,de_pv_only,915,0.04668444022536278
61,61,de_pv_only,930,0.04637012630701065
62,62,de_pv_only,945,0.0460275299847126
63,63,de_pv_only,960,0.04578430950641632
64,64,de_pv_only,975,0.04567158594727516
65,65,de_pv_only,990,0.045408960431814194
66,66,de_pv_only,1005,0.04507466405630112
67,67,de_pv_only,1020,0.044761087745428085
68,68,de_pv_only,1035,0.044491443783044815
69,69,de_pv_only,1050,0.04427823796868324
70,70,de_pv_only,1065,0.04403529688715935
71,71,de_pv_only,1080,0.04367656633257866
72,72,de_pv_only,1095,0.04342396557331085
73,73,de_pv_only,1110,0.04319288954138756
74,74,de_pv_only,1125,0.04297911748290062
75,75,de_pv_only,1140,0.042719870805740356
76,76,de_pv_only,1155,0.0424204096198082
77,77,de_pv_only,1170,0.04216990992426872
78,78,de_pv_only,1185,0.04189516231417656
79,79,de_pv_only,1200,0.04167616367340088
80,80,de_pv_only,1215,0.0414004772901535
81,81,de_pv_only,1230,0.04113902524113655
82,82,de_pv_only,1245,0.04089254513382912
83,83,de_pv_only,1260,0.040644314140081406
84,84,de_pv_only,1275,0.040479663759469986
85,85,de_pv_only,1290,0.04033562168478966
86,86,de_pv_only,1305,0.040324509143829346
87,87,de_pv_only,1320,0.04035655036568642
88,88,de_pv_only,1335,0.040362317115068436
89,89,de_pv_only,1350,0.040439099073410034
90,90,de_pv_only,1365,0.040491051971912384
91,91,de_pv_only,1380,0.04049099236726761
92,92,de_pv_only,1395,0.04061621055006981
93,93,de_pv_only,1410,0.04073354974389076
94,94,de_pv_only,1425,0.04097883403301239
95,95,de_pv_only,1440,0.041203223168849945
96,96,de_pv_only,1455,0.04147134721279144
97,97,de_pv_only,1470,0.04175132140517235
98,98,de_pv_only,1485,0.04203594848513603
99,99,de_pv_only,1500,0.042423296719789505
100,100,de_pv_only,1515,0.042802803218364716
101,101,de_pv_only,1530,0.04318629205226898
102,102,de_pv_only,1545,0.0435967743396759
103,103,de_pv_only,1560,0.04398464038968086
104,104,de_pv_only,1575,0.04432300105690956
105,105,de_pv_only,1590,0.044734466820955276
106,106,de_pv_only,1605,0.04507622495293617
107,107,de_pv_only,1620,0.045546844601631165
108,108,de_pv_only,1635,0.04586885869503021
109,109,de_pv_only,1650,0.04619830846786499
110,110,de_pv_only,1665,0.04653681814670563
111,111,de_pv_only,1680,0.04681980982422829
112,112,de_pv_only,1695,0.04712342470884323
113,113,de_pv_only,1710,0.04738330841064453
114,114,de_pv_only,1725,0.04770638421177864
115,115,de_pv_only,1740,0.04800480231642723
116,116,de_pv_only,1755,0.04830203950405121
117,117,de_pv_only,1770,0.04855591431260109
118,118,de_pv_only,1785,0.04881342500448227
119,119,de_pv_only,1800,0.04904061555862427
120,120,de_pv_only,1815,0.049252357333898544
121,121,de_pv_only,1830,0.04945645108819008
122,122,de_pv_only,1845,0.04964650794863701
123,123,de_pv_only,1860,0.049833014607429504
124,124,de_pv_only,1875,0.04999268054962158
125,125,de_pv_only,1890,0.05012635886669159
126,126,de_pv_only,1905,0.0502108559012413
127,127,de_pv_only,1920,0.050289034843444824
128,128,de_pv_only,1935,0.05039500445127487
129,129,de_pv_only,1950,0.05054999887943268
130,130,de_pv_only,1965,0.05065244808793068
131,131,de_pv_only,1980,0.050764597952365875
132,132,de_pv_only,1995,0.05076350271701813
133,133,de_pv_only,2010,0.050806932151317596
134,134,de_pv_only,2025,0.050894882529973984
135,135,de_pv_only,2040,0.050951339304447174
136,136,de_pv_only,2055,0.05100291222333908
137,137,de_pv_only,2070,0.05110159516334534
138,138,de_pv_only,2085,0.05110848695039749
139,139,de_pv_only,2100,0.05109738931059837
140,140,de_pv_only,2115,0.05107109621167183
141,141,de_pv_only,2130,0.05109091475605965
142,142,de_pv_only,2145,0.051136597990989685
143,143,de_pv_only,2160,0.051157642155885696
144,144,de_ecmwf_only,15,0.020557764917612076
145,145,de_ecmwf_only,30,0.01981361210346222
146,146,de_ecmwf_only,45,0.01993504725396633
147,147,de_ecmwf_only,60,0.019732246175408363
148,148,de_ecmwf_only,75,0.019678959622979164
149,149,de_ecmwf_only,90,0.019701790064573288
150,150,de_ecmwf_only,105,0.01995380036532879
151,151,de_ecmwf_only,120,0.019794698804616928
152,152,de_ecmwf_only,135,0.02024030312895775
153,153,de_ecmwf_only,150,0.019850118085741997
154,154,de_ecmwf_only,165,0.01959311217069626
155,155,de_ecmwf_only,180,0.019557254388928413
156,156,de_ecmwf_only,195,0.019637253135442734
157,157,de_ecmwf_only,210,0.019627325236797333
158,158,de_ecmwf_only,225,0.019684437662363052
159,159,de_ecmwf_only,240,0.019615178927779198
160,160,de_ecmwf_only,255,0.019540445879101753
161,161,de_ecmwf_only,270,0.019631095230579376
162,162,de_ecmwf_only,285,0.019676508381962776
163,163,de_ecmwf_only,300,0.019796397536993027
164,164,de_ecmwf_only,315,0.0198390893638134
165,165,de_ecmwf_only,330,0.019756553694605827
166,166,de_ecmwf_only,345,0.01981727033853531
167,167,de_ecmwf_only,360,0.019895989447832108
168,168,de_ecmwf_only,375,0.020021429285407066
169,169,de_ecmwf_only,390,0.020046785473823547
170,170,de_ecmwf_only,405,0.020186329260468483
171,171,de_ecmwf_only,420,0.02005470171570778
172,172,de_ecmwf_only,435,0.020075256004929543
173,173,de_ecmwf_only,450,0.019962498918175697
174,174,de_ecmwf_only,465,0.02018013410270214
175,175,de_ecmwf_only,480,0.020186396315693855
176,176,de_ecmwf_only,495,0.020199649035930634
177,177,de_ecmwf_only,510,0.02028999663889408
178,178,de_ecmwf_only,525,0.020265499129891396
179,179,de_ecmwf_only,540,0.020333845168352127
180,180,de_ecmwf_only,555,0.020311200991272926
181,181,de_ecmwf_only,570,0.020387643948197365
182,182,de_ecmwf_only,585,0.02031978964805603
183,183,de_ecmwf_only,600,0.020332634449005127
184,184,de_ecmwf_only,615,0.020283466205000877
185,185,de_ecmwf_only,630,0.020439760759472847
186,186,de_ecmwf_only,645,0.02039218135178089
187,187,de_ecmwf_only,660,0.02048184536397457
188,188,de_ecmwf_only,675,0.02075236663222313
189,189,de_ecmwf_only,690,0.020624393597245216
190,190,de_ecmwf_only,705,0.020694654434919357
191,191,de_ecmwf_only,720,0.02106151357293129
192,192,de_ecmwf_only,735,0.020903825759887695
193,193,de_ecmwf_only,750,0.021002113819122314
194,194,de_ecmwf_only,765,0.02117147296667099
195,195,de_ecmwf_only,780,0.021186908707022667
196,196,de_ecmwf_only,795,0.021290021017193794
197,197,de_ecmwf_only,810,0.02115630730986595
198,198,de_ecmwf_only,825,0.021241294220089912
199,199,de_ecmwf_only,840,0.021430164575576782
200,200,de_ecmwf_only,855,0.021526578813791275
201,201,de_ecmwf_only,870,0.021319646388292313
202,202,de_ecmwf_only,885,0.02137640304863453
203,203,de_ecmwf_only,900,0.021209008991718292
204,204,de_ecmwf_only,915,0.021365031599998474
205,205,de_ecmwf_only,930,0.021394137293100357
206,206,de_ecmwf_only,945,0.021352438256144524
207,207,de_ecmwf_only,960,0.021132197231054306
208,208,de_ecmwf_only,975,0.02110743522644043
209,209,de_ecmwf_only,990,0.02105223573744297
210,210,de_ecmwf_only,1005,0.021152928471565247
211,211,de_ecmwf_only,1020,0.021208148449659348
212,212,de_ecmwf_only,1035,0.021368369460105896
213,213,de_ecmwf_only,1050,0.021343261003494263
214,214,de_ecmwf_only,1065,0.021320324391126633
215,215,de_ecmwf_only,1080,0.02127130888402462
216,216,de_ecmwf_only,1095,0.021546201780438423
217,217,de_ecmwf_only,1110,0.02144305780529976
218,218,de_ecmwf_only,1125,0.021534012630581856
219,219,de_ecmwf_only,1140,0.02161002904176712
220,220,de_ecmwf_only,1155,0.021829096600413322
221,221,de_ecmwf_only,1170,0.021919187158346176
222,222,de_ecmwf_only,1185,0.0220058411359787
223,223,de_ecmwf_only,1200,0.022139500826597214
224,224,de_ecmwf_only,1215,0.02243601530790329
225,225,de_ecmwf_only,1230,0.022406743839383125
226,226,de_ecmwf_only,1245,0.02202991396188736
227,227,de_ecmwf_only,1260,0.022052347660064697
228,228,de_ecmwf_only,1275,0.022092655301094055
229,229,de_ecmwf_only,1290,0.022054938599467278
230,230,de_ecmwf_only,1305,0.021954694762825966
231,231,de_ecmwf_only,1320,0.021920131519436836
232,232,de_ecmwf_only,1335,0.02184711955487728
233,233,de_ecmwf_only,1350,0.02171293832361698
234,234,de_ecmwf_only,1365,0.021593717858195305
235,235,de_ecmwf_only,1380,0.02147844061255455
236,236,de_ecmwf_only,1395,0.021509520709514618
237,237,de_ecmwf_only,1410,0.021503381431102753
238,238,de_ecmwf_only,1425,0.021408703178167343
239,239,de_ecmwf_only,1440,0.021456921473145485
240,240,de_ecmwf_only,1455,0.021337643265724182
241,241,de_ecmwf_only,1470,0.021210305392742157
242,242,de_ecmwf_only,1485,0.021171918138861656
243,243,de_ecmwf_only,1500,0.021217254921793938
244,244,de_ecmwf_only,1515,0.02123626135289669
245,245,de_ecmwf_only,1530,0.02131587266921997
246,246,de_ecmwf_only,1545,0.02142518386244774
247,247,de_ecmwf_only,1560,0.02144588716328144
248,248,de_ecmwf_only,1575,0.021330470219254494
249,249,de_ecmwf_only,1590,0.02140103653073311
250,250,de_ecmwf_only,1605,0.021589046344161034
251,251,de_ecmwf_only,1620,0.021415963768959045
252,252,de_ecmwf_only,1635,0.021388612687587738
253,253,de_ecmwf_only,1650,0.021454647183418274
254,254,de_ecmwf_only,1665,0.02145291306078434
255,255,de_ecmwf_only,1680,0.02158263511955738
256,256,de_ecmwf_only,1695,0.021638277918100357
257,257,de_ecmwf_only,1710,0.02158602699637413
258,258,de_ecmwf_only,1725,0.02163384109735489
259,259,de_ecmwf_only,1740,0.021766673773527145
260,260,de_ecmwf_only,1755,0.02193162962794304
261,261,de_ecmwf_only,1770,0.021895265206694603
262,262,de_ecmwf_only,1785,0.021901197731494904
263,263,de_ecmwf_only,1800,0.02198880910873413
264,264,de_ecmwf_only,1815,0.02211516536772251
265,265,de_ecmwf_only,1830,0.02228301577270031
266,266,de_ecmwf_only,1845,0.022260256111621857
267,267,de_ecmwf_only,1860,0.022363435477018356
268,268,de_ecmwf_only,1875,0.022872887551784515
269,269,de_ecmwf_only,1890,0.023236073553562164
270,270,de_ecmwf_only,1905,0.023232977837324142
271,271,de_ecmwf_only,1920,0.023987723514437675
272,272,de_ecmwf_only,1935,0.023954905569553375
273,273,de_ecmwf_only,1950,0.0244413111358881
274,274,de_ecmwf_only,1965,0.024109171703457832
275,275,de_ecmwf_only,1980,0.024344133213162422
276,276,de_ecmwf_only,1995,0.02469700761139393
277,277,de_ecmwf_only,2010,0.024830274283885956
278,278,de_ecmwf_only,2025,0.02463751658797264
279,279,de_ecmwf_only,2040,0.024073734879493713
280,280,de_ecmwf_only,2055,0.024077005684375763
281,281,de_ecmwf_only,2070,0.024607909843325615
282,282,de_ecmwf_only,2085,0.02404867112636566
283,283,de_ecmwf_only,2100,0.024023788049817085
284,284,de_ecmwf_only,2115,0.02408653125166893
285,285,de_ecmwf_only,2130,0.024707814678549767
286,286,de_ecmwf_only,2145,0.024696607142686844
287,287,de_ecmwf_only,2160,0.024675041437149048
288,288,de_mo_only,15,0.02442680113017559
289,289,de_mo_only,30,0.02391544170677662
290,290,de_mo_only,45,0.023565666750073433
291,291,de_mo_only,60,0.02325674332678318
292,292,de_mo_only,75,0.02310819737613201
293,293,de_mo_only,90,0.0229694414883852
294,294,de_mo_only,105,0.022865183651447296
295,295,de_mo_only,120,0.022823236882686615
296,296,de_mo_only,135,0.022808846086263657
297,297,de_mo_only,150,0.022866133600473404
298,298,de_mo_only,165,0.022916410118341446
299,299,de_mo_only,180,0.022936422377824783
300,300,de_mo_only,195,0.022916914895176888
301,301,de_mo_only,210,0.02292794920504093
302,302,de_mo_only,225,0.02291465550661087
303,303,de_mo_only,240,0.02292053960263729
304,304,de_mo_only,255,0.022954607382416725
305,305,de_mo_only,270,0.02308828756213188
306,306,de_mo_only,285,0.02316530980169773
307,307,de_mo_only,300,0.0232881810516119
308,308,de_mo_only,315,0.023323124274611473
309,309,de_mo_only,330,0.02339846082031727
310,310,de_mo_only,345,0.023395389318466187
311,311,de_mo_only,360,0.023396123200654984
312,312,de_mo_only,375,0.023447269573807716
313,313,de_mo_only,390,0.02348901517689228
314,314,de_mo_only,405,0.02354205586016178
315,315,de_mo_only,420,0.02356102503836155
316,316,de_mo_only,435,0.023630492389202118
317,317,de_mo_only,450,0.023694580420851707
318,318,de_mo_only,465,0.023758718743920326
319,319,de_mo_only,480,0.023750578984618187
320,320,de_mo_only,495,0.023781124502420425
321,321,de_mo_only,510,0.02377699315547943
322,322,de_mo_only,525,0.02391049452126026
323,323,de_mo_only,540,0.02395435981452465
324,324,de_mo_only,555,0.024023840203881264
325,325,de_mo_only,570,0.024159522727131844
326,326,de_mo_only,585,0.024203790351748466
327,327,de_mo_only,600,0.024247244000434875
328,328,de_mo_only,615,0.024311142042279243
329,329,de_mo_only,630,0.024336613714694977
330,330,de_mo_only,645,0.024349238723516464
331,331,de_mo_only,660,0.02442362904548645
332,332,de_mo_only,675,0.024474775418639183
333,333,de_mo_only,690,0.024481333792209625
334,334,de_mo_only,705,0.0245209913700819
335,335,de_mo_only,720,0.024526042863726616
336,336,de_mo_only,735,0.02456594444811344
337,337,de_mo_only,750,0.024576200172305107
338,338,de_mo_only,765,0.024603290483355522
339,339,de_mo_only,780,0.024591509252786636
340,340,de_mo_only,795,0.024640439078211784
341,341,de_mo_only,810,0.024582449346780777
342,342,de_mo_only,825,0.024555344134569168
343,343,de_mo_only,840,0.024471376091241837
344,344,de_mo_only,855,0.02441893331706524
345,345,de_mo_only,870,0.02439095266163349
346,346,de_mo_only,885,0.024395570158958435
347,347,de_mo_only,900,0.024477889761328697
348,348,de_mo_only,915,0.024570215493440628
349,349,de_mo_only,930,0.02460446208715439
350,350,de_mo_only,945,0.024663375690579414
351,351,de_mo_only,960,0.024667788296937943
352,352,de_mo_only,975,0.024709492921829224
353,353,de_mo_only,990,0.02472044713795185
354,354,de_mo_only,1005,0.024666951969265938
355,355,de_mo_only,1020,0.02464476227760315
356,356,de_mo_only,1035,0.024643827229738235
357,357,de_mo_only,1050,0.024633178487420082
358,358,de_mo_only,1065,0.024620607495307922
359,359,de_mo_only,1080,0.024680545553565025
360,360,de_mo_only,1095,0.024696173146367073
361,361,de_mo_only,1110,0.0247818473726511
362,362,de_mo_only,1125,0.02485928311944008
363,363,de_mo_only,1140,0.024920551106333733
364,364,de_mo_only,1155,0.024962903931736946
365,365,de_mo_only,1170,0.025059547275304794
366,366,de_mo_only,1185,0.025136621668934822
367,367,de_mo_only,1200,0.025169583037495613
368,368,de_mo_only,1215,0.025228865444660187
369,369,de_mo_only,1230,0.02519398182630539
370,370,de_mo_only,1245,0.025205345824360847
371,371,de_mo_only,1260,0.025179460644721985
372,372,de_mo_only,1275,0.025100097060203552
373,373,de_mo_only,1290,0.025025416165590286
374,374,de_mo_only,1305,0.025112882256507874
375,375,de_mo_only,1320,0.025180187076330185
376,376,de_mo_only,1335,0.02525569684803486
377,377,de_mo_only,1350,0.02535209059715271
378,378,de_mo_only,1365,0.025391090661287308
379,379,de_mo_only,1380,0.025403359904885292
380,380,de_mo_only,1395,0.025352012366056442
381,381,de_mo_only,1410,0.02526075951755047
382,382,de_mo_only,1425,0.02519880048930645
383,383,de_mo_only,1440,0.02515300363302231
384,384,de_mo_only,1455,0.025071635842323303
385,385,de_mo_only,1470,0.025051558390259743
386,386,de_mo_only,1485,0.025096528232097626
387,387,de_mo_only,1500,0.0251436959952116
388,388,de_mo_only,1515,0.02512691356241703
389,389,de_mo_only,1530,0.025124041363596916
390,390,de_mo_only,1545,0.025073720142245293
391,391,de_mo_only,1560,0.02507360838353634
392,392,de_mo_only,1575,0.025179490447044373
393,393,de_mo_only,1590,0.025326017290353775
394,394,de_mo_only,1605,0.025437643751502037
395,395,de_mo_only,1620,0.02552926167845726
396,396,de_mo_only,1635,0.025635402649641037
397,397,de_mo_only,1650,0.025680266320705414
398,398,de_mo_only,1665,0.02578853629529476
399,399,de_mo_only,1680,0.02587870880961418
400,400,de_mo_only,1695,0.025951797142624855
401,401,de_mo_only,1710,0.02604573965072632
402,402,de_mo_only,1725,0.02616555616259575
403,403,de_mo_only,1740,0.026199117302894592
404,404,de_mo_only,1755,0.02629944682121277
405,405,de_mo_only,1770,0.026471097022294998
406,406,de_mo_only,1785,0.02665417641401291
407,407,de_mo_only,1800,0.026959681883454323
408,408,de_mo_only,1815,0.027231566607952118
409,409,de_mo_only,1830,0.02752707339823246
410,410,de_mo_only,1845,0.0276946984231472
411,411,de_mo_only,1860,0.02797209657728672
412,412,de_mo_only,1875,0.02825249545276165
413,413,de_mo_only,1890,0.028519826009869576
414,414,de_mo_only,1905,0.028803782537579536
415,415,de_mo_only,1920,0.02902230992913246
416,416,de_mo_only,1935,0.02925441786646843
417,417,de_mo_only,1950,0.02957356721162796
418,418,de_mo_only,1965,0.029814165085554123
419,419,de_mo_only,1980,0.030164387077093124
420,420,de_mo_only,1995,0.030497321859002113
421,421,de_mo_only,2010,0.030852405354380608
422,422,de_mo_only,2025,0.03115859627723694
423,423,de_mo_only,2040,0.03143228217959404
424,424,de_mo_only,2055,0.03173099458217621
425,425,de_mo_only,2070,0.03184983879327774
426,426,de_mo_only,2085,0.03216887637972832
427,427,de_mo_only,2100,0.032476991415023804
428,428,de_mo_only,2115,0.032881129533052444
429,429,de_mo_only,2130,0.03330211341381073
430,430,de_mo_only,2145,0.03364068642258644
431,431,de_mo_only,2160,0.03399120271205902
432,432,de_sat_only,15,0.018009530380368233
433,433,de_sat_only,30,0.018152212724089622
434,434,de_sat_only,45,0.018511667847633362
435,435,de_sat_only,60,0.01890645921230316
436,436,de_sat_only,75,0.019452180713415146
437,437,de_sat_only,90,0.01998833380639553
438,438,de_sat_only,105,0.020655067637562752
439,439,de_sat_only,120,0.021309690549969673
440,440,de_sat_only,135,0.022023476660251617
441,441,de_sat_only,150,0.022684603929519653
442,442,de_sat_only,165,0.02338649518787861
443,443,de_sat_only,180,0.023972615599632263
444,444,de_sat_only,195,0.02459568902850151
445,445,de_sat_only,210,0.025241412222385406
446,446,de_sat_only,225,0.02580159530043602
447,447,de_sat_only,240,0.026456627994775772
448,448,de_sat_only,255,0.027008675038814545
449,449,de_sat_only,270,0.027535416185855865
450,450,de_sat_only,285,0.028023898601531982
451,451,de_sat_only,300,0.0285260621458292
452,452,de_sat_only,315,0.028869183734059334
453,453,de_sat_only,330,0.02924398146569729
454,454,de_sat_only,345,0.02953151986002922
455,455,de_sat_only,360,0.029874345287680626
456,456,de_sat_only,375,0.0302431620657444
457,457,de_sat_only,390,0.030617916956543922
458,458,de_sat_only,405,0.030931415036320686
459,459,de_sat_only,420,0.031191101297736168
460,460,de_sat_only,435,0.0314875952899456
461,461,de_sat_only,450,0.03177860006690025
462,462,de_sat_only,465,0.03204268217086792
463,463,de_sat_only,480,0.03234514966607094
464,464,de_sat_only,495,0.0326680950820446
465,465,de_sat_only,510,0.03295933082699776
466,466,de_sat_only,525,0.03318052366375923
467,467,de_sat_only,540,0.03336115553975105
468,468,de_sat_only,555,0.033489178866147995
469,469,de_sat_only,570,0.03360118344426155
470,470,de_sat_only,585,0.0337773822247982
471,471,de_sat_only,600,0.03395102173089981
472,472,de_sat_only,615,0.03419945761561394
473,473,de_sat_only,630,0.034292060881853104
474,474,de_sat_only,645,0.03447596728801727
475,475,de_sat_only,660,0.034634776413440704
476,476,de_sat_only,675,0.03480356186628342
477,477,de_sat_only,690,0.03498572111129761
478,478,de_sat_only,705,0.035201117396354675
479,479,de_sat_only,720,0.03536824509501457
480,480,de_sat_only,735,0.035568878054618835
481,481,de_sat_only,750,0.03568848595023155
482,482,de_sat_only,765,0.03594958782196045
483,483,de_sat_only,780,0.036150407046079636
484,484,de_sat_only,795,0.03632458671927452
485,485,de_sat_only,810,0.036538265645504
486,486,de_sat_only,825,0.036714933812618256
487,487,de_sat_only,840,0.03695496544241905
488,488,de_sat_only,855,0.03710281848907471
489,489,de_sat_only,870,0.03712046146392822
490,490,de_sat_only,885,0.037200283259153366
491,491,de_sat_only,900,0.03730263188481331
492,492,de_sat_only,915,0.037438683211803436
493,493,de_sat_only,930,0.03754175081849098
494,494,de_sat_only,945,0.03768167272210121
495,495,de_sat_only,960,0.03779253736138344
496,496,de_sat_only,975,0.03784404322504997
497,497,de_sat_only,990,0.037924569100141525
498,498,de_sat_only,1005,0.03802774101495743
499,499,de_sat_only,1020,0.03818094730377197
500,500,de_sat_only,1035,0.038364700973033905
501,501,de_sat_only,1050,0.03852017968893051
502,502,de_sat_only,1065,0.038708873093128204
503,503,de_sat_only,1080,0.038809411227703094
504,504,de_sat_only,1095,0.03899090364575386
505,505,de_sat_only,1110,0.039075810462236404
506,506,de_sat_only,1125,0.03919842839241028
507,507,de_sat_only,1140,0.03930280730128288
508,508,de_sat_only,1155,0.039420004934072495
509,509,de_sat_only,1170,0.03956133872270584
510,510,de_sat_only,1185,0.039507169276475906
511,511,de_sat_only,1200,0.03963804990053177
512,512,de_sat_only,1215,0.039807889610528946
513,513,de_sat_only,1230,0.03976095840334892
514,514,de_sat_only,1245,0.039744894951581955
515,515,de_sat_only,1260,0.03982515633106232
516,516,de_sat_only,1275,0.03983141854405403
517,517,de_sat_only,1290,0.039916861802339554
518,518,de_sat_only,1305,0.040048789232969284
519,519,de_sat_only,1320,0.04019733890891075
520,520,de_sat_only,1335,0.04028639197349548
521,521,de_sat_only,1350,0.04026206582784653
522,522,de_sat_only,1365,0.04023933783173561
523,523,de_sat_only,1380,0.04026157781481743
524,524,de_sat_only,1395,0.04034814611077309
525,525,de_sat_only,1410,0.04041489586234093
526,526,de_sat_only,1425,0.04043838754296303
527,527,de_sat_only,1440,0.040435791015625
528,528,de_sat_only,1455,0.04043556749820709
529,529,de_sat_only,1470,0.04052513465285301
530,530,de_sat_only,1485,0.04061581566929817
531,531,de_sat_only,1500,0.04070452228188515
532,532,de_sat_only,1515,0.040768999606370926
533,533,de_sat_only,1530,0.04083125665783882
534,534,de_sat_only,1545,0.0409681461751461
535,535,de_sat_only,1560,0.04114183783531189
536,536,de_sat_only,1575,0.041267361491918564
537,537,de_sat_only,1590,0.04130491986870766
538,538,de_sat_only,1605,0.0414469875395298
539,539,de_sat_only,1620,0.04159870743751526
540,540,de_sat_only,1635,0.04166578873991966
541,541,de_sat_only,1650,0.0417664460837841
542,542,de_sat_only,1665,0.041858259588479996
543,543,de_sat_only,1680,0.04194202274084091
544,544,de_sat_only,1695,0.04207026958465576
545,545,de_sat_only,1710,0.04219827055931091
546,546,de_sat_only,1725,0.04250313341617584
547,547,de_sat_only,1740,0.042641185224056244
548,548,de_sat_only,1755,0.04270293936133385
549,549,de_sat_only,1770,0.04275375232100487
550,550,de_sat_only,1785,0.042864590883255005
551,551,de_sat_only,1800,0.04296417161822319
552,552,de_sat_only,1815,0.043023914098739624
553,553,de_sat_only,1830,0.04313052073121071
554,554,de_sat_only,1845,0.043286386877298355
555,555,de_sat_only,1860,0.04334796965122223
556,556,de_sat_only,1875,0.04348152503371239
557,557,de_sat_only,1890,0.04348370060324669
558,558,de_sat_only,1905,0.04355732351541519
559,559,de_sat_only,1920,0.04370521008968353
560,560,de_sat_only,1935,0.0437978059053421
561,561,de_sat_only,1950,0.04393356293439865
562,562,de_sat_only,1965,0.04400940611958504
563,563,de_sat_only,1980,0.04410436004400253
564,564,de_sat_only,1995,0.04411722347140312
565,565,de_sat_only,2010,0.04410242289304733
566,566,de_sat_only,2025,0.04420220106840134
567,567,de_sat_only,2040,0.04422255977988243
568,568,de_sat_only,2055,0.04431390389800072
569,569,de_sat_only,2070,0.04433634132146835
570,570,de_sat_only,2085,0.04441293329000473
571,571,de_sat_only,2100,0.04449142515659332
572,572,de_sat_only,2115,0.04457246884703636
573,573,de_sat_only,2130,0.044656455516815186
574,574,de_sat_only,2145,0.04481127858161926
575,575,de_sat_only,2160,0.04481216147542
576,576,de_ecmwf_pv,15,0.010880460031330585
577,577,de_ecmwf_pv,30,0.012154764495790005
578,578,de_ecmwf_pv,45,0.013307962566614151
579,579,de_ecmwf_pv,60,0.014312135986983776
580,580,de_ecmwf_pv,75,0.015127476304769516
581,581,de_ecmwf_pv,90,0.01577877812087536
582,582,de_ecmwf_pv,105,0.016413599252700806
583,583,de_ecmwf_pv,120,0.016934959217905998
584,584,de_ecmwf_pv,135,0.01737362891435623
585,585,de_ecmwf_pv,150,0.017779376357793808
586,586,de_ecmwf_pv,165,0.018107598647475243
587,587,de_ecmwf_pv,180,0.01833878830075264
588,588,de_ecmwf_pv,195,0.018485477194190025
589,589,de_ecmwf_pv,210,0.01860467717051506
590,590,de_ecmwf_pv,225,0.018638690933585167
591,591,de_ecmwf_pv,240,0.018794456496834755
592,592,de_ecmwf_pv,255,0.01883881911635399
593,593,de_ecmwf_pv,270,0.01900901272892952
594,594,de_ecmwf_pv,285,0.019027817994356155
595,595,de_ecmwf_pv,300,0.019054586067795753
596,596,de_ecmwf_pv,315,0.019105171784758568
597,597,de_ecmwf_pv,330,0.01917068287730217
598,598,de_ecmwf_pv,345,0.019158491864800453
599,599,de_ecmwf_pv,360,0.01916164718568325
600,600,de_ecmwf_pv,375,0.01923339068889618
601,601,de_ecmwf_pv,390,0.019362516701221466
602,602,de_ecmwf_pv,405,0.01940734311938286
603,603,de_ecmwf_pv,420,0.019449476152658463
604,604,de_ecmwf_pv,435,0.019542284309864044
605,605,de_ecmwf_pv,450,0.019557923078536987
606,606,de_ecmwf_pv,465,0.0196006428450346
607,607,de_ecmwf_pv,480,0.019595924764871597
608,608,de_ecmwf_pv,495,0.01965062879025936
609,609,de_ecmwf_pv,510,0.01967635378241539
610,610,de_ecmwf_pv,525,0.019615959376096725
611,611,de_ecmwf_pv,540,0.01961301825940609
612,612,de_ecmwf_pv,555,0.019638987258076668
613,613,de_ecmwf_pv,570,0.019648509100079536
614,614,de_ecmwf_pv,585,0.019666049629449844
615,615,de_ecmwf_pv,600,0.01973436027765274
616,616,de_ecmwf_pv,615,0.0197881031781435
617,617,de_ecmwf_pv,630,0.019822554662823677
618,618,de_ecmwf_pv,645,0.019796006381511688
619,619,de_ecmwf_pv,660,0.019777344539761543
620,620,de_ecmwf_pv,675,0.01969894766807556
621,621,de_ecmwf_pv,690,0.01971358247101307
622,622,de_ecmwf_pv,705,0.019716467708349228
623,623,de_ecmwf_pv,720,0.019780214875936508
624,624,de_ecmwf_pv,735,0.019720682874321938
625,625,de_ecmwf_pv,750,0.019691240042448044
626,626,de_ecmwf_pv,765,0.019702674821019173
627,627,de_ecmwf_pv,780,0.019739100709557533
628,628,de_ecmwf_pv,795,0.019876966252923012
629,629,de_ecmwf_pv,810,0.01989826001226902
630,630,de_ecmwf_pv,825,0.020047202706336975
631,631,de_ecmwf_pv,840,0.020071741193532944
632,632,de_ecmwf_pv,855,0.020094167441129684
633,633,de_ecmwf_pv,870,0.020122596994042397
634,634,de_ecmwf_pv,885,0.02014978975057602
635,635,de_ecmwf_pv,900,0.020150642842054367
636,636,de_ecmwf_pv,915,0.02018412947654724
637,637,de_ecmwf_pv,930,0.020296281203627586
638,638,de_ecmwf_pv,945,0.020366696640849113
639,639,de_ecmwf_pv,960,0.020380767062306404
640,640,de_ecmwf_pv,975,0.020364657044410706
641,641,de_ecmwf_pv,990,0.020394204184412956
642,642,de_ecmwf_pv,1005,0.0203752089291811
643,643,de_ecmwf_pv,1020,0.020412705838680267
644,644,de_ecmwf_pv,1035,0.020470844581723213
645,645,de_ecmwf_pv,1050,0.02053222432732582
646,646,de_ecmwf_pv,1065,0.020488185808062553
647,647,de_ecmwf_pv,1080,0.020535020157694817
648,648,de_ecmwf_pv,1095,0.020556505769491196
649,649,de_ecmwf_pv,1110,0.020616767928004265
650,650,de_ecmwf_pv,1125,0.020675694569945335
651,651,de_ecmwf_pv,1140,0.020733296871185303
652,652,de_ecmwf_pv,1155,0.020777462050318718
653,653,de_ecmwf_pv,1170,0.02086164429783821
654,654,de_ecmwf_pv,1185,0.02077481895685196
655,655,de_ecmwf_pv,1200,0.020707787945866585
656,656,de_ecmwf_pv,1215,0.020735329017043114
657,657,de_ecmwf_pv,1230,0.020725905895233154
658,658,de_ecmwf_pv,1245,0.0207296684384346
659,659,de_ecmwf_pv,1260,0.020712893456220627
660,660,de_ecmwf_pv,1275,0.02071872539818287
661,661,de_ecmwf_pv,1290,0.02061574161052704
662,662,de_ecmwf_pv,1305,0.020604567602276802
663,663,de_ecmwf_pv,1320,0.020567545667290688
664,664,de_ecmwf_pv,1335,0.020463863387703896
665,665,de_ecmwf_pv,1350,0.020421726629137993
666,666,de_ecmwf_pv,1365,0.02035178616642952
667,667,de_ecmwf_pv,1380,0.0203716941177845
668,668,de_ecmwf_pv,1395,0.020346637815237045
669,669,de_ecmwf_pv,1410,0.020449716597795486
670,670,de_ecmwf_pv,1425,0.020535236224532127
671,671,de_ecmwf_pv,1440,0.02056005969643593
672,672,de_ecmwf_pv,1455,0.02061336487531662
673,673,de_ecmwf_pv,1470,0.020697740837931633
674,674,de_ecmwf_pv,1485,0.02077420800924301
675,675,de_ecmwf_pv,1500,0.020785372704267502
676,676,de_ecmwf_pv,1515,0.02079726569354534
677,677,de_ecmwf_pv,1530,0.020853988826274872
678,678,de_ecmwf_pv,1545,0.02091125398874283
679,679,de_ecmwf_pv,1560,0.020956112071871758
680,680,de_ecmwf_pv,1575,0.021024523302912712
681,681,de_ecmwf_pv,1590,0.021103642880916595
682,682,de_ecmwf_pv,1605,0.02114955335855484
683,683,de_ecmwf_pv,1620,0.021104978397488594
684,684,de_ecmwf_pv,1635,0.021086059510707855
685,685,de_ecmwf_pv,1650,0.021076051518321037
686,686,de_ecmwf_pv,1665,0.021070120856165886
687,687,de_ecmwf_pv,1680,0.021092869341373444
688,688,de_ecmwf_pv,1695,0.02113850601017475
689,689,de_ecmwf_pv,1710,0.0212242528796196
690,690,de_ecmwf_pv,1725,0.02125350758433342
691,691,de_ecmwf_pv,1740,0.021317631006240845
692,692,de_ecmwf_pv,1755,0.021387958899140358
693,693,de_ecmwf_pv,1770,0.021430689841508865
694,694,de_ecmwf_pv,1785,0.021463293582201004
695,695,de_ecmwf_pv,1800,0.021536553278565407
696,696,de_ecmwf_pv,1815,0.021596210077404976
697,697,de_ecmwf_pv,1830,0.021712778136134148
698,698,de_ecmwf_pv,1845,0.02165788784623146
699,699,de_ecmwf_pv,1860,0.02170751802623272
700,700,de_ecmwf_pv,1875,0.02178397960960865
701,701,de_ecmwf_pv,1890,0.0218210332095623
702,702,de_ecmwf_pv,1905,0.021828575059771538
703,703,de_ecmwf_pv,1920,0.021897397935390472
704,704,de_ecmwf_pv,1935,0.021956538781523705
705,705,de_ecmwf_pv,1950,0.02196591906249523
706,706,de_ecmwf_pv,1965,0.022048678249120712
707,707,de_ecmwf_pv,1980,0.02207273617386818
708,708,de_ecmwf_pv,1995,0.022122418507933617
709,709,de_ecmwf_pv,2010,0.022166650742292404
710,710,de_ecmwf_pv,2025,0.022130334749817848
711,711,de_ecmwf_pv,2040,0.022156286984682083
712,712,de_ecmwf_pv,2055,0.02219288796186447
713,713,de_ecmwf_pv,2070,0.022135060280561447
714,714,de_ecmwf_pv,2085,0.022173110395669937
715,715,de_ecmwf_pv,2100,0.022260183468461037
716,716,de_ecmwf_pv,2115,0.02234240062534809
717,717,de_ecmwf_pv,2130,0.022501345723867416
718,718,de_ecmwf_pv,2145,0.02271033450961113
719,719,de_ecmwf_pv,2160,0.02308098040521145
720,720,de_ecmwf_pv_mo_sat,15,0.01415329147130251
721,721,de_ecmwf_pv_mo_sat,30,0.014494390226900578
722,722,de_ecmwf_pv_mo_sat,45,0.014970900490880013
723,723,de_ecmwf_pv_mo_sat,60,0.015445774421095848
724,724,de_ecmwf_pv_mo_sat,75,0.015938468277454376
725,725,de_ecmwf_pv_mo_sat,90,0.016331646591424942
726,726,de_ecmwf_pv_mo_sat,105,0.016824103891849518
727,727,de_ecmwf_pv_mo_sat,120,0.01717521622776985
728,728,de_ecmwf_pv_mo_sat,135,0.017546072602272034
729,729,de_ecmwf_pv_mo_sat,150,0.017936397343873978
730,730,de_ecmwf_pv_mo_sat,165,0.01820831187069416
731,731,de_ecmwf_pv_mo_sat,180,0.018428727984428406
732,732,de_ecmwf_pv_mo_sat,195,0.018701201304793358
733,733,de_ecmwf_pv_mo_sat,210,0.01890505850315094
734,734,de_ecmwf_pv_mo_sat,225,0.01904226280748844
735,735,de_ecmwf_pv_mo_sat,240,0.01926802098751068
736,736,de_ecmwf_pv_mo_sat,255,0.019390763714909554
737,737,de_ecmwf_pv_mo_sat,270,0.019550126045942307
738,738,de_ecmwf_pv_mo_sat,285,0.019600380212068558
739,739,de_ecmwf_pv_mo_sat,300,0.01970566064119339
740,740,de_ecmwf_pv_mo_sat,315,0.019714338704943657
741,741,de_ecmwf_pv_mo_sat,330,0.019734632223844528
742,742,de_ecmwf_pv_mo_sat,345,0.019804731011390686
743,743,de_ecmwf_pv_mo_sat,360,0.019955167546868324
744,744,de_ecmwf_pv_mo_sat,375,0.020031467080116272
745,745,de_ecmwf_pv_mo_sat,390,0.020099572837352753
746,746,de_ecmwf_pv_mo_sat,405,0.020116951316595078
747,747,de_ecmwf_pv_mo_sat,420,0.020181581377983093
748,748,de_ecmwf_pv_mo_sat,435,0.020255066454410553
749,749,de_ecmwf_pv_mo_sat,450,0.02032211422920227
750,750,de_ecmwf_pv_mo_sat,465,0.020323973149061203
751,751,de_ecmwf_pv_mo_sat,480,0.02034153789281845
752,752,de_ecmwf_pv_mo_sat,495,0.02037152834236622
753,753,de_ecmwf_pv_mo_sat,510,0.02032412402331829
754,754,de_ecmwf_pv_mo_sat,525,0.02034536562860012
755,755,de_ecmwf_pv_mo_sat,540,0.020347146317362785
756,756,de_ecmwf_pv_mo_sat,555,0.02037939243018627
757,757,de_ecmwf_pv_mo_sat,570,0.020393142476677895
758,758,de_ecmwf_pv_mo_sat,585,0.02042989805340767
759,759,de_ecmwf_pv_mo_sat,600,0.020525658503174782
760,760,de_ecmwf_pv_mo_sat,615,0.020556850358843803
761,761,de_ecmwf_pv_mo_sat,630,0.020533882081508636
762,762,de_ecmwf_pv_mo_sat,645,0.02058958075940609
763,763,de_ecmwf_pv_mo_sat,660,0.02071177028119564
764,764,de_ecmwf_pv_mo_sat,675,0.020653069019317627
765,765,de_ecmwf_pv_mo_sat,690,0.020615270361304283
766,766,de_ecmwf_pv_mo_sat,705,0.02063695900142193
767,767,de_ecmwf_pv_mo_sat,720,0.020649956539273262
768,768,de_ecmwf_pv_mo_sat,735,0.020613951608538628
769,769,de_ecmwf_pv_mo_sat,750,0.020623493939638138
770,770,de_ecmwf_pv_mo_sat,765,0.020637063309550285
771,771,de_ecmwf_pv_mo_sat,780,0.020658567547798157
772,772,de_ecmwf_pv_mo_sat,795,0.02073538489639759
773,773,de_ecmwf_pv_mo_sat,810,0.0207322146743536
774,774,de_ecmwf_pv_mo_sat,825,0.02073490060865879
775,775,de_ecmwf_pv_mo_sat,840,0.020720960572361946
776,776,de_ecmwf_pv_mo_sat,855,0.020720461383461952
777,777,de_ecmwf_pv_mo_sat,870,0.020747646689414978
778,778,de_ecmwf_pv_mo_sat,885,0.020797712728381157
779,779,de_ecmwf_pv_mo_sat,900,0.020873883739113808
780,780,de_ecmwf_pv_mo_sat,915,0.02094700187444687
781,781,de_ecmwf_pv_mo_sat,930,0.02099272422492504
782,782,de_ecmwf_pv_mo_sat,945,0.021082546561956406
783,783,de_ecmwf_pv_mo_sat,960,0.02104148454964161
784,784,de_ecmwf_pv_mo_sat,975,0.021083274856209755
785,785,de_ecmwf_pv_mo_sat,990,0.021050749346613884
786,786,de_ecmwf_pv_mo_sat,1005,0.021091600880026817
787,787,de_ecmwf_pv_mo_sat,1020,0.02110367827117443
788,788,de_ecmwf_pv_mo_sat,1035,0.02119695581495762
789,789,de_ecmwf_pv_mo_sat,1050,0.02132505178451538
790,790,de_ecmwf_pv_mo_sat,1065,0.021343234926462173
791,791,de_ecmwf_pv_mo_sat,1080,0.02137243188917637
792,792,de_ecmwf_pv_mo_sat,1095,0.021390628069639206
793,793,de_ecmwf_pv_mo_sat,1110,0.021434860303997993
794,794,de_ecmwf_pv_mo_sat,1125,0.02145111747086048
795,795,de_ecmwf_pv_mo_sat,1140,0.021449731662869453
796,796,de_ecmwf_pv_mo_sat,1155,0.021497517824172974
797,797,de_ecmwf_pv_mo_sat,1170,0.021558647975325584
798,798,de_ecmwf_pv_mo_sat,1185,0.021548083052039146
799,799,de_ecmwf_pv_mo_sat,1200,0.021577978506684303
800,800,de_ecmwf_pv_mo_sat,1215,0.021589569747447968
801,801,de_ecmwf_pv_mo_sat,1230,0.0215690229088068
802,802,de_ecmwf_pv_mo_sat,1245,0.02142575941979885
803,803,de_ecmwf_pv_mo_sat,1260,0.02132313884794712
804,804,de_ecmwf_pv_mo_sat,1275,0.021136969327926636
805,805,de_ecmwf_pv_mo_sat,1290,0.020934753119945526
806,806,de_ecmwf_pv_mo_sat,1305,0.020874101668596268
807,807,de_ecmwf_pv_mo_sat,1320,0.020887374877929688
808,808,de_ecmwf_pv_mo_sat,1335,0.020878994837403297
809,809,de_ecmwf_pv_mo_sat,1350,0.020903248339891434
810,810,de_ecmwf_pv_mo_sat,1365,0.020882591605186462
811,811,de_ecmwf_pv_mo_sat,1380,0.020906301215291023
812,812,de_ecmwf_pv_mo_sat,1395,0.020899707451462746
813,813,de_ecmwf_pv_mo_sat,1410,0.020955879241228104
814,814,de_ecmwf_pv_mo_sat,1425,0.02102755568921566
815,815,de_ecmwf_pv_mo_sat,1440,0.02109033614397049
816,816,de_ecmwf_pv_mo_sat,1455,0.021148759871721268
817,817,de_ecmwf_pv_mo_sat,1470,0.021205922588706017
818,818,de_ecmwf_pv_mo_sat,1485,0.021249020472168922
819,819,de_ecmwf_pv_mo_sat,1500,0.021339865401387215
820,820,de_ecmwf_pv_mo_sat,1515,0.021392788738012314
821,821,de_ecmwf_pv_mo_sat,1530,0.02141723595559597
822,822,de_ecmwf_pv_mo_sat,1545,0.021477695554494858
823,823,de_ecmwf_pv_mo_sat,1560,0.021572992205619812
824,824,de_ecmwf_pv_mo_sat,1575,0.02155373804271221
825,825,de_ecmwf_pv_mo_sat,1590,0.02161140739917755
826,826,de_ecmwf_pv_mo_sat,1605,0.021555811166763306
827,827,de_ecmwf_pv_mo_sat,1620,0.021591639146208763
828,828,de_ecmwf_pv_mo_sat,1635,0.021587682887911797
829,829,de_ecmwf_pv_mo_sat,1650,0.02163485810160637
830,830,de_ecmwf_pv_mo_sat,1665,0.021654047071933746
831,831,de_ecmwf_pv_mo_sat,1680,0.02163069322705269
832,832,de_ecmwf_pv_mo_sat,1695,0.021718157455325127
833,833,de_ecmwf_pv_mo_sat,1710,0.021774020045995712
834,834,de_ecmwf_pv_mo_sat,1725,0.02183270826935768
835,835,de_ecmwf_pv_mo_sat,1740,0.021815836429595947
836,836,de_ecmwf_pv_mo_sat,1755,0.02186412736773491
837,837,de_ecmwf_pv_mo_sat,1770,0.02190234512090683
838,838,de_ecmwf_pv_mo_sat,1785,0.021933190524578094
839,839,de_ecmwf_pv_mo_sat,1800,0.021979007869958878
840,840,de_ecmwf_pv_mo_sat,1815,0.02206147275865078
841,841,de_ecmwf_pv_mo_sat,1830,0.02213975414633751
842,842,de_ecmwf_pv_mo_sat,1845,0.022079981863498688
843,843,de_ecmwf_pv_mo_sat,1860,0.022197455167770386
844,844,de_ecmwf_pv_mo_sat,1875,0.02224510908126831
845,845,de_ecmwf_pv_mo_sat,1890,0.02223830856382847
846,846,de_ecmwf_pv_mo_sat,1905,0.022229613736271858
847,847,de_ecmwf_pv_mo_sat,1920,0.022240595892071724
848,848,de_ecmwf_pv_mo_sat,1935,0.022388340905308723
849,849,de_ecmwf_pv_mo_sat,1950,0.022425577044487
850,850,de_ecmwf_pv_mo_sat,1965,0.022368289530277252
851,851,de_ecmwf_pv_mo_sat,1980,0.022445829585194588
852,852,de_ecmwf_pv_mo_sat,1995,0.02245655469596386
853,853,de_ecmwf_pv_mo_sat,2010,0.02255159616470337
854,854,de_ecmwf_pv_mo_sat,2025,0.02260395884513855
855,855,de_ecmwf_pv_mo_sat,2040,0.022739246487617493
856,856,de_ecmwf_pv_mo_sat,2055,0.02274394780397415
857,857,de_ecmwf_pv_mo_sat,2070,0.02272338792681694
858,858,de_ecmwf_pv_mo_sat,2085,0.022797266021370888
859,859,de_ecmwf_pv_mo_sat,2100,0.02280680648982525
860,860,de_ecmwf_pv_mo_sat,2115,0.022907089442014694
861,861,de_ecmwf_pv_mo_sat,2130,0.02307431772351265
862,862,de_ecmwf_pv_mo_sat,2145,0.023331832140684128
863,863,de_ecmwf_pv_mo_sat,2160,0.0237689558416605
