,index,model,horizon_minutes,norm_abs_error
0,0,nl_regional_48h_pv_ecmwf,15,0.01225809226493391
1,1,nl_regional_48h_pv_ecmwf,30,0.012582656981488605
2,2,nl_regional_48h_pv_ecmwf,45,0.012819258598581547
3,3,nl_regional_48h_pv_ecmwf,60,0.013111364457073527
4,4,nl_regional_48h_pv_ecmwf,75,0.013288682706650217
5,5,nl_regional_48h_pv_ecmwf,90,0.013568561832619128
6,6,nl_regional_48h_pv_ecmwf,105,0.01374223912394072
7,7,nl_regional_48h_pv_ecmwf,120,0.013955672375410568
8,8,nl_regional_48h_pv_ecmwf,135,0.013962786724782877
9,9,nl_regional_48h_pv_ecmwf,150,0.014064229846311505
10,10,nl_regional_48h_pv_ecmwf,165,0.014117164091473865
11,11,nl_regional_48h_pv_ecmwf,180,0.014210626095385355
12,12,nl_regional_48h_pv_ecmwf,195,0.01410887956875298
13,13,nl_regional_48h_pv_ecmwf,210,0.014156716274329934
14,14,nl_regional_48h_pv_ecmwf,225,0.014163357226791783
15,15,nl_regional_48h_pv_ecmwf,240,0.014301442089034312
16,16,nl_regional_48h_pv_ecmwf,255,0.01430625708323937
17,17,nl_regional_48h_pv_ecmwf,270,0.014457124230161473
18,18,nl_regional_48h_pv_ecmwf,285,0.014508441194650532
19,19,nl_regional_48h_pv_ecmwf,300,0.014634167094939678
20,20,nl_regional_48h_pv_ecmwf,315,0.014623405608811741
21,21,nl_regional_48h_pv_ecmwf,330,0.014737896824977283
22,22,nl_regional_48h_pv_ecmwf,345,0.014781446323733106
23,23,nl_regional_48h_pv_ecmwf,360,0.014904551068798783
24,24,nl_regional_48h_pv_ecmwf,375,0.014884189030926616
25,25,nl_regional_48h_pv_ecmwf,390,0.014965794830689536
26,26,nl_regional_48h_pv_ecmwf,405,0.01500677212978611
27,27,nl_regional_48h_pv_ecmwf,420,0.015105578899894634
28,28,nl_regional_48h_pv_ecmwf,435,0.015117113956761435
29,29,nl_regional_48h_pv_ecmwf,450,0.015205580522523795
30,30,nl_regional_48h_pv_ecmwf,465,0.015236375995135457
31,31,nl_regional_48h_pv_ecmwf,480,0.015354504057154128
32,32,nl_regional_48h_pv_ecmwf,495,0.015345969593140621
33,33,nl_regional_48h_pv_ecmwf,510,0.01546710693049501
34,34,nl_regional_48h_pv_ecmwf,525,0.015513145978447286
35,35,nl_regional_48h_pv_ecmwf,540,0.015581566260035139
36,36,nl_regional_48h_pv_ecmwf,555,0.015559460868034674
37,37,nl_regional_48h_pv_ecmwf,570,0.01563198346684584
38,38,nl_regional_48h_pv_ecmwf,585,0.01564088245967698
39,39,nl_regional_48h_pv_ecmwf,600,0.01570870838108187
40,40,nl_regional_48h_pv_ecmwf,615,0.015700237993344718
41,41,nl_regional_48h_pv_ecmwf,630,0.015795427270597465
42,42,nl_regional_48h_pv_ecmwf,645,0.015776379149843717
43,43,nl_regional_48h_pv_ecmwf,660,0.01584048219727633
44,44,nl_regional_48h_pv_ecmwf,675,0.015791689653921814
45,45,nl_regional_48h_pv_ecmwf,690,0.015839210949921825
46,46,nl_regional_48h_pv_ecmwf,705,0.01580431668267869
47,47,nl_regional_48h_pv_ecmwf,720,0.015872642751982764
48,48,nl_regional_48h_pv_ecmwf,735,0.015828665123340895
49,49,nl_regional_48h_pv_ecmwf,750,0.01590624901142516
50,50,nl_regional_48h_pv_ecmwf,765,0.015856408890877978
51,51,nl_regional_48h_pv_ecmwf,780,0.015920360337530762
52,52,nl_regional_48h_pv_ecmwf,795,0.015818863064767406
53,53,nl_regional_48h_pv_ecmwf,810,0.015895119137969576
54,54,nl_regional_48h_pv_ecmwf,825,0.015836107687200025
55,55,nl_regional_48h_pv_ecmwf,840,0.01586527983137199
56,56,nl_regional_48h_pv_ecmwf,855,0.015777360662662762
57,57,nl_regional_48h_pv_ecmwf,870,0.015796774518027943
58,58,nl_regional_48h_pv_ecmwf,885,0.015812406470884457
59,59,nl_regional_48h_pv_ecmwf,900,0.01590777353125358
60,60,nl_regional_48h_pv_ecmwf,915,0.015892016007090254
61,61,nl_regional_48h_pv_ecmwf,930,0.01600979299618391
62,62,nl_regional_48h_pv_ecmwf,945,0.01605577929993172
63,63,nl_regional_48h_pv_ecmwf,960,0.01617897753919055
64,64,nl_regional_48h_pv_ecmwf,975,0.01619457801696337
65,65,nl_regional_48h_pv_ecmwf,990,0.016296963337885172
66,66,nl_regional_48h_pv_ecmwf,1005,0.0163547031419943
67,67,nl_regional_48h_pv_ecmwf,1020,0.016460952303582216
68,68,nl_regional_48h_pv_ecmwf,1035,0.016459815068286213
69,69,nl_regional_48h_pv_ecmwf,1050,0.01657894564132531
70,70,nl_regional_48h_pv_ecmwf,1065,0.01662072535129799
71,71,nl_regional_48h_pv_ecmwf,1080,0.01670571897020372
72,72,nl_regional_48h_pv_ecmwf,1095,0.01671398850415968
73,73,nl_regional_48h_pv_ecmwf,1110,0.01685486490648416
74,74,nl_regional_48h_pv_ecmwf,1125,0.016888900415562173
75,75,nl_regional_48h_pv_ecmwf,1140,0.017042320541309986
76,76,nl_regional_48h_pv_ecmwf,1155,0.017092557337200887
77,77,nl_regional_48h_pv_ecmwf,1170,0.017220680726701677
78,78,nl_regional_48h_pv_ecmwf,1185,0.01726623361812883
79,79,nl_regional_48h_pv_ecmwf,1200,0.017366683555472925
80,80,nl_regional_48h_pv_ecmwf,1215,0.017373029782389224
81,81,nl_regional_48h_pv_ecmwf,1230,0.01744971431130592
82,82,nl_regional_48h_pv_ecmwf,1245,0.017505706736710914
83,83,nl_regional_48h_pv_ecmwf,1260,0.017625078994172625
84,84,nl_regional_48h_pv_ecmwf,1275,0.01765140405026328
85,85,nl_regional_48h_pv_ecmwf,1290,0.01774833987363864
86,86,nl_regional_48h_pv_ecmwf,1305,0.017728693172882944
87,87,nl_regional_48h_pv_ecmwf,1320,0.017803620844289634
88,88,nl_regional_48h_pv_ecmwf,1335,0.01774279941974781
89,89,nl_regional_48h_pv_ecmwf,1350,0.017846419745470316
90,90,nl_regional_48h_pv_ecmwf,1365,0.017822168611283398
91,91,nl_regional_48h_pv_ecmwf,1380,0.017883706935099778
92,92,nl_regional_48h_pv_ecmwf,1395,0.017799401703944805
93,93,nl_regional_48h_pv_ecmwf,1410,0.01785722010972298
94,94,nl_regional_48h_pv_ecmwf,1425,0.017880439207452636
95,95,nl_regional_48h_pv_ecmwf,1440,0.017960818759912324
96,96,nl_regional_48h_pv_ecmwf,1455,0.017944508446779146
97,97,nl_regional_48h_pv_ecmwf,1470,0.01797474759852033
98,98,nl_regional_48h_pv_ecmwf,1485,0.017955818936965927
99,99,nl_regional_48h_pv_ecmwf,1500,0.018004481630637843
100,100,nl_regional_48h_pv_ecmwf,1515,0.017916210178817168
101,101,nl_regional_48h_pv_ecmwf,1530,0.01798731219385917
102,102,nl_regional_48h_pv_ecmwf,1545,0.01795080942222749
103,103,nl_regional_48h_pv_ecmwf,1560,0.018003934713350996
104,104,nl_regional_48h_pv_ecmwf,1575,0.018018298845717082
105,105,nl_regional_48h_pv_ecmwf,1590,0.018099505853489635
106,106,nl_regional_48h_pv_ecmwf,1605,0.018105799908495
107,107,nl_regional_48h_pv_ecmwf,1620,0.018190324482906327
108,108,nl_regional_48h_pv_ecmwf,1635,0.018192888969530394
109,109,nl_regional_48h_pv_ecmwf,1650,0.01826066715059671
110,110,nl_regional_48h_pv_ecmwf,1665,0.018244768615507757
111,111,nl_regional_48h_pv_ecmwf,1680,0.01830720692237403
112,112,nl_regional_48h_pv_ecmwf,1695,0.018323436144195626
113,113,nl_regional_48h_pv_ecmwf,1710,0.018427745519121897
114,114,nl_regional_48h_pv_ecmwf,1725,0.018479905826120857
115,115,nl_regional_48h_pv_ecmwf,1740,0.018577623856060273
116,116,nl_regional_48h_pv_ecmwf,1755,0.018632065375800654
117,117,nl_regional_48h_pv_ecmwf,1770,0.018750115715542488
118,118,nl_regional_48h_pv_ecmwf,1785,0.018744032923283836
119,119,nl_regional_48h_pv_ecmwf,1800,0.018820670662462537
120,120,nl_regional_48h_pv_ecmwf,1815,0.018866366371024897
121,121,nl_regional_48h_pv_ecmwf,1830,0.01899793427553863
122,122,nl_regional_48h_pv_ecmwf,1845,0.019016181584402315
123,123,nl_regional_48h_pv_ecmwf,1860,0.019124045790960074
124,124,nl_regional_48h_pv_ecmwf,1875,0.019140523369805672
125,125,nl_regional_48h_pv_ecmwf,1890,0.01923882148584864
126,126,nl_regional_48h_pv_ecmwf,1905,0.01923376011727593
127,127,nl_regional_48h_pv_ecmwf,1920,0.019334209546370638
128,128,nl_regional_48h_pv_ecmwf,1935,0.01935871811516106
129,129,nl_regional_48h_pv_ecmwf,1950,0.019448472291852714
130,130,nl_regional_48h_pv_ecmwf,1965,0.019460991691362627
131,131,nl_regional_48h_pv_ecmwf,1980,0.019586204074094393
132,132,nl_regional_48h_pv_ecmwf,1995,0.019548773069217314
133,133,nl_regional_48h_pv_ecmwf,2010,0.0196125137290051
134,134,nl_regional_48h_pv_ecmwf,2025,0.019594279208717716
135,135,nl_regional_48h_pv_ecmwf,2040,0.019659301717501118
136,136,nl_regional_48h_pv_ecmwf,2055,0.019632033857435796
137,137,nl_regional_48h_pv_ecmwf,2070,0.019715468770442366
138,138,nl_regional_48h_pv_ecmwf,2085,0.019706634533751568
139,139,nl_regional_48h_pv_ecmwf,2100,0.019819446530933964
140,140,nl_regional_48h_pv_ecmwf,2115,0.019842958077324425
141,141,nl_regional_48h_pv_ecmwf,2130,0.020042063350387402
142,142,nl_regional_48h_pv_ecmwf,2145,0.02023633615568905
143,143,nl_regional_48h_pv_ecmwf,2160,0.020502978307774863
144,144,nl_regional_2h_pv_ecmwf,15,0.010924754415694979
145,145,nl_regional_2h_pv_ecmwf,30,0.011656136772935682
146,146,nl_regional_2h_pv_ecmwf,45,0.012131891035232907
147,147,nl_regional_2h_pv_ecmwf,60,0.012593786306056705
148,148,nl_regional_2h_pv_ecmwf,75,0.012896560112225793
149,149,nl_regional_2h_pv_ecmwf,90,0.013227375884479455
150,150,nl_regional_2h_pv_ecmwf,105,0.013424198973866378
151,151,nl_regional_2h_pv_ecmwf,120,0.013688673694131636
152,152,nl_regional_2h_pv_ecmwf,135,0.013771106415297356
153,153,nl_regional_2h_pv_ecmwf,150,0.013937782113571632
154,154,nl_regional_2h_pv_ecmwf,165,0.013964429229879635
155,155,nl_regional_2h_pv_ecmwf,180,0.01407934411819647
156,156,nl_regional_2h_pv_ecmwf,195,0.014039334274214754
157,157,nl_regional_2h_pv_ecmwf,210,0.014144747148621127
158,158,nl_regional_2h_pv_ecmwf,225,0.014155882835145224
159,159,nl_regional_2h_pv_ecmwf,240,0.014301374234413902
160,160,nl_regional_2h_pv_ecmwf,255,0.014332190069027143
161,161,nl_regional_2h_pv_ecmwf,270,0.014500516404597234
162,162,nl_regional_2h_pv_ecmwf,285,0.0145696498573594
163,163,nl_regional_2h_pv_ecmwf,300,0.01470659020348786
164,164,nl_regional_2h_pv_ecmwf,315,0.014708512608696392
165,165,nl_regional_2h_pv_ecmwf,330,0.014843967007116021
166,166,nl_regional_2h_pv_ecmwf,345,0.014869450696775451
167,167,nl_regional_2h_pv_ecmwf,360,0.014986550291976633
168,168,nl_regional_2h_pv_ecmwf,375,0.014959161690935233
169,169,nl_regional_2h_pv_ecmwf,390,0.015058355344132295
170,170,nl_regional_2h_pv_ecmwf,405,0.015072420155585606
171,171,nl_regional_2h_pv_ecmwf,420,0.015177190289501371
172,172,nl_regional_2h_pv_ecmwf,435,0.01514695447512341
173,173,nl_regional_2h_pv_ecmwf,450,0.015253881040638219
174,174,nl_regional_2h_pv_ecmwf,465,0.015259776472926274
175,175,nl_regional_2h_pv_ecmwf,480,0.015336379871069287
176,176,nl_regional_2h_pv_ecmwf,495,0.015277402717384826
177,177,nl_regional_2h_pv_ecmwf,510,0.015350427771587153
178,178,nl_regional_2h_pv_ecmwf,525,0.015342612028691317
179,179,nl_regional_2h_pv_ecmwf,540,0.01540070980257064
180,180,nl_regional_2h_pv_ecmwf,555,0.015347164413858614
181,181,nl_regional_2h_pv_ecmwf,570,0.015420500046662143
182,182,nl_regional_2h_pv_ecmwf,585,0.015390691679033085
183,183,nl_regional_2h_pv_ecmwf,600,0.015468992974835599
184,184,nl_regional_2h_pv_ecmwf,615,0.015450573677187988
185,185,nl_regional_2h_pv_ecmwf,630,0.01553534209974582
186,186,nl_regional_2h_pv_ecmwf,645,0.01551686744889804
187,187,nl_regional_2h_pv_ecmwf,660,0.015590491436674759
188,188,nl_regional_2h_pv_ecmwf,675,0.015529844727070356
189,189,nl_regional_2h_pv_ecmwf,690,0.015600048764473368
190,190,nl_regional_2h_pv_ecmwf,705,0.015597956874223136
191,191,nl_regional_2h_pv_ecmwf,720,0.015689405051243967
192,192,nl_regional_2h_pv_ecmwf,735,0.01563276300115221
193,193,nl_regional_2h_pv_ecmwf,750,0.015687353754912956
194,194,nl_regional_2h_pv_ecmwf,765,0.015656450065424505
195,195,nl_regional_2h_pv_ecmwf,780,0.015727114078197598
196,196,nl_regional_2h_pv_ecmwf,795,0.01566917478697594
197,197,nl_regional_2h_pv_ecmwf,810,0.015717319171643283
198,198,nl_regional_2h_pv_ecmwf,825,0.015719383966634897
199,199,nl_regional_2h_pv_ecmwf,840,0.01581149867314475
200,200,nl_regional_2h_pv_ecmwf,855,0.015760751001273346
201,201,nl_regional_2h_pv_ecmwf,870,0.015851387733645347
202,202,nl_regional_2h_pv_ecmwf,885,0.01582556955468813
203,203,nl_regional_2h_pv_ecmwf,900,0.01589256503155283
204,204,nl_regional_2h_pv_ecmwf,915,0.015828112161301772
205,205,nl_regional_2h_pv_ecmwf,930,0.015906805712246848
206,206,nl_regional_2h_pv_ecmwf,945,0.01592382848865426
207,207,nl_regional_2h_pv_ecmwf,960,0.01604802586708738
208,208,nl_regional_2h_pv_ecmwf,975,0.016067856688815288
209,209,nl_regional_2h_pv_ecmwf,990,0.01617680753621395
210,210,nl_regional_2h_pv_ecmwf,1005,0.016171370066783562
211,211,nl_regional_2h_pv_ecmwf,1020,0.01629838911850667
212,212,nl_regional_2h_pv_ecmwf,1035,0.01633191246561801
213,213,nl_regional_2h_pv_ecmwf,1050,0.016434801564549687
214,214,nl_regional_2h_pv_ecmwf,1065,0.016459152641830767
215,215,nl_regional_2h_pv_ecmwf,1080,0.016594439355225504
216,216,nl_regional_2h_pv_ecmwf,1095,0.016590680838881294
217,217,nl_regional_2h_pv_ecmwf,1110,0.016725032659322327
218,218,nl_regional_2h_pv_ecmwf,1125,0.016750089908405222
219,219,nl_regional_2h_pv_ecmwf,1140,0.016902879749446265
220,220,nl_regional_2h_pv_ecmwf,1155,0.016936246360454023
221,221,nl_regional_2h_pv_ecmwf,1170,0.017069143916875317
222,222,nl_regional_2h_pv_ecmwf,1185,0.017080721121957045
223,223,nl_regional_2h_pv_ecmwf,1200,0.01722492663377395
224,224,nl_regional_2h_pv_ecmwf,1215,0.017226287787986537
225,225,nl_regional_2h_pv_ecmwf,1230,0.017323447866860953
226,226,nl_regional_2h_pv_ecmwf,1245,0.017305726055142138
227,227,nl_regional_2h_pv_ecmwf,1260,0.01739350825741301
228,228,nl_regional_2h_pv_ecmwf,1275,0.017386462050679216
229,229,nl_regional_2h_pv_ecmwf,1290,0.017454238111775697
230,230,nl_regional_2h_pv_ecmwf,1305,0.017437073646159443
231,231,nl_regional_2h_pv_ecmwf,1320,0.017520089955210427
232,232,nl_regional_2h_pv_ecmwf,1335,0.017491189414425453
233,233,nl_regional_2h_pv_ecmwf,1350,0.01756777875298772
234,234,nl_regional_2h_pv_ecmwf,1365,0.01751273220861654
235,235,nl_regional_2h_pv_ecmwf,1380,0.017561608153681414
236,236,nl_regional_2h_pv_ecmwf,1395,0.017498459012876003
237,237,nl_regional_2h_pv_ecmwf,1410,0.017566150712874887
238,238,nl_regional_2h_pv_ecmwf,1425,0.01754344464852579
239,239,nl_regional_2h_pv_ecmwf,1440,0.017653680032950845
240,240,nl_regional_2h_pv_ecmwf,1455,0.017627724772586718
241,241,nl_regional_2h_pv_ecmwf,1470,0.017738528899894197
242,242,nl_regional_2h_pv_ecmwf,1485,0.01772231696191835
243,243,nl_regional_2h_pv_ecmwf,1500,0.017790729933098274
244,244,nl_regional_2h_pv_ecmwf,1515,0.017765410766794956
245,245,nl_regional_2h_pv_ecmwf,1530,0.017822544181382054
246,246,nl_regional_2h_pv_ecmwf,1545,0.017783190638679017
247,247,nl_regional_2h_pv_ecmwf,1560,0.01787797660043535
248,248,nl_regional_2h_pv_ecmwf,1575,0.017856141324265887
249,249,nl_regional_2h_pv_ecmwf,1590,0.017956975920295524
250,250,nl_regional_2h_pv_ecmwf,1605,0.01792437958903856
251,251,nl_regional_2h_pv_ecmwf,1620,0.01802774040326068
252,252,nl_regional_2h_pv_ecmwf,1635,0.018044302964915136
253,253,nl_regional_2h_pv_ecmwf,1650,0.018135452213920995
254,254,nl_regional_2h_pv_ecmwf,1665,0.018111643527834825
255,255,nl_regional_2h_pv_ecmwf,1680,0.018185892255049806
256,256,nl_regional_2h_pv_ecmwf,1695,0.01818984481705929
257,257,nl_regional_2h_pv_ecmwf,1710,0.018254582412915093
258,258,nl_regional_2h_pv_ecmwf,1725,0.01823021069278702
259,259,nl_regional_2h_pv_ecmwf,1740,0.018350163622654986
260,260,nl_regional_2h_pv_ecmwf,1755,0.018373699072098078
261,261,nl_regional_2h_pv_ecmwf,1770,0.018452284714804108
262,262,nl_regional_2h_pv_ecmwf,1785,0.01847513451755728
263,263,nl_regional_2h_pv_ecmwf,1800,0.018581504878307818
264,264,nl_regional_2h_pv_ecmwf,1815,0.018633509706766305
265,265,nl_regional_2h_pv_ecmwf,1830,0.018739441293129357
266,266,nl_regional_2h_pv_ecmwf,1845,0.018756890129118617
267,267,nl_regional_2h_pv_ecmwf,1860,0.018880986992347915
268,268,nl_regional_2h_pv_ecmwf,1875,0.01888434114615038
269,269,nl_regional_2h_pv_ecmwf,1890,0.018954957649546512
270,270,nl_regional_2h_pv_ecmwf,1905,0.01891363768260108
271,271,nl_regional_2h_pv_ecmwf,1920,0.019004698269062856
272,272,nl_regional_2h_pv_ecmwf,1935,0.01897859545353504
273,273,nl_regional_2h_pv_ecmwf,1950,0.01904015613218303
274,274,nl_regional_2h_pv_ecmwf,1965,0.019031340245859608
275,275,nl_regional_2h_pv_ecmwf,1980,0.019144254512625497
276,276,nl_regional_2h_pv_ecmwf,1995,0.01915136914079219
277,277,nl_regional_2h_pv_ecmwf,2010,0.01922850592381119
278,278,nl_regional_2h_pv_ecmwf,2025,0.019182449883166277
279,279,nl_regional_2h_pv_ecmwf,2040,0.019278266760830023
280,280,nl_regional_2h_pv_ecmwf,2055,0.01929018066068892
281,281,nl_regional_2h_pv_ecmwf,2070,0.019344723683595372
282,282,nl_regional_2h_pv_ecmwf,2085,0.019334760030672485
283,283,nl_regional_2h_pv_ecmwf,2100,0.01946464320959808
284,284,nl_regional_2h_pv_ecmwf,2115,0.019519316727124193
285,285,nl_regional_2h_pv_ecmwf,2130,0.019718447556782558
286,286,nl_regional_2h_pv_ecmwf,2145,0.019887698553617293
287,287,nl_regional_2h_pv_ecmwf,2160,0.020251336845325433
288,288,nl_regional_pv_ecmwf_mo_sat,15,0.007850673867240619
289,289,nl_regional_pv_ecmwf_mo_sat,30,0.007825735662318568
290,290,nl_regional_pv_ecmwf_mo_sat,45,0.008213086601327694
291,291,nl_regional_pv_ecmwf_mo_sat,60,0.009024781773740855
292,292,nl_regional_pv_ecmwf_mo_sat,75,0.009682937764018865
293,293,nl_regional_pv_ecmwf_mo_sat,90,0.010420596950587512
294,294,nl_regional_pv_ecmwf_mo_sat,105,0.010965824353294372
295,295,nl_regional_pv_ecmwf_mo_sat,120,0.011500734489185625
296,296,nl_regional_pv_ecmwf_mo_sat,135,0.011838904044817987
297,297,nl_regional_pv_ecmwf_mo_sat,150,0.012251651626590693
298,298,nl_regional_pv_ecmwf_mo_sat,165,0.012478884259603624
299,299,nl_regional_pv_ecmwf_mo_sat,180,0.012801409985838227
300,300,nl_regional_pv_ecmwf_mo_sat,195,0.012870410271155007
301,301,nl_regional_pv_ecmwf_mo_sat,210,0.013114389733002083
302,302,nl_regional_pv_ecmwf_mo_sat,225,0.013199194631317473
303,303,nl_regional_pv_ecmwf_mo_sat,240,0.013374628682239563
304,304,nl_regional_pv_ecmwf_mo_sat,255,0.013450327954470343
305,305,nl_regional_pv_ecmwf_mo_sat,270,0.013554801031894633
306,306,nl_regional_pv_ecmwf_mo_sat,285,0.013561463290700076
307,307,nl_regional_pv_ecmwf_mo_sat,300,0.013703491609879511
308,308,nl_regional_pv_ecmwf_mo_sat,315,0.0137425488063853
309,309,nl_regional_pv_ecmwf_mo_sat,330,0.013915455543154553
310,310,nl_regional_pv_ecmwf_mo_sat,345,0.013887550040404342
311,311,nl_regional_pv_ecmwf_mo_sat,360,0.014034857158874382
312,312,nl_regional_pv_ecmwf_mo_sat,375,0.014102006559463833
313,313,nl_regional_pv_ecmwf_mo_sat,390,0.014237794869446894
314,314,nl_regional_pv_ecmwf_mo_sat,405,0.014320135317113975
315,315,nl_regional_pv_ecmwf_mo_sat,420,0.014530072560862526
316,316,nl_regional_pv_ecmwf_mo_sat,435,0.014590558650012665
317,317,nl_regional_pv_ecmwf_mo_sat,450,0.014628886971709672
318,318,nl_regional_pv_ecmwf_mo_sat,465,0.014744256334870217
319,319,nl_regional_pv_ecmwf_mo_sat,480,0.014814426343290147
320,320,nl_regional_pv_ecmwf_mo_sat,495,0.014753439707867346
321,321,nl_regional_pv_ecmwf_mo_sat,510,0.014826490823749887
322,322,nl_regional_pv_ecmwf_mo_sat,525,0.014841243832392758
323,323,nl_regional_pv_ecmwf_mo_sat,540,0.014822999477433655
324,324,nl_regional_pv_ecmwf_mo_sat,555,0.014777150965735958
325,325,nl_regional_pv_ecmwf_mo_sat,570,0.014829546106830073
326,326,nl_regional_pv_ecmwf_mo_sat,585,0.014807357766373087
327,327,nl_regional_pv_ecmwf_mo_sat,600,0.01483929828757645
328,328,nl_regional_pv_ecmwf_mo_sat,615,0.014785072835942468
329,329,nl_regional_pv_ecmwf_mo_sat,630,0.014857574008271302
330,330,nl_regional_pv_ecmwf_mo_sat,645,0.014810470912982758
331,331,nl_regional_pv_ecmwf_mo_sat,660,0.014862537859813769
332,332,nl_regional_pv_ecmwf_mo_sat,675,0.014828220725342301
333,333,nl_regional_pv_ecmwf_mo_sat,690,0.01490909645627505
334,334,nl_regional_pv_ecmwf_mo_sat,705,0.014869672934003975
335,335,nl_regional_pv_ecmwf_mo_sat,720,0.01494246754341239
336,336,nl_regional_pv_ecmwf_mo_sat,735,0.014921758826541206
337,337,nl_regional_pv_ecmwf_mo_sat,750,0.014988365530777951
338,338,nl_regional_pv_ecmwf_mo_sat,765,0.015001490383086371
339,339,nl_regional_pv_ecmwf_mo_sat,780,0.01510890349430274
340,340,nl_regional_pv_ecmwf_mo_sat,795,0.015009552293588076
341,341,nl_regional_pv_ecmwf_mo_sat,810,0.015173273368218413
342,342,nl_regional_pv_ecmwf_mo_sat,825,0.015148789914657622
343,343,nl_regional_pv_ecmwf_mo_sat,840,0.015204131369177818
344,344,nl_regional_pv_ecmwf_mo_sat,855,0.015096083701688424
345,345,nl_regional_pv_ecmwf_mo_sat,870,0.015181261609233117
346,346,nl_regional_pv_ecmwf_mo_sat,885,0.015227888715138272
347,347,nl_regional_pv_ecmwf_mo_sat,900,0.015247099280302297
348,348,nl_regional_pv_ecmwf_mo_sat,915,0.015212783346135295
349,349,nl_regional_pv_ecmwf_mo_sat,930,0.015344370931505818
350,350,nl_regional_pv_ecmwf_mo_sat,945,0.015369072782793385
351,351,nl_regional_pv_ecmwf_mo_sat,960,0.015525018261947335
352,352,nl_regional_pv_ecmwf_mo_sat,975,0.015535219576290088
353,353,nl_regional_pv_ecmwf_mo_sat,990,0.015575741190049864
354,354,nl_regional_pv_ecmwf_mo_sat,1005,0.015625217673675796
355,355,nl_regional_pv_ecmwf_mo_sat,1020,0.01576373351163672
356,356,nl_regional_pv_ecmwf_mo_sat,1035,0.01576962917159647
357,357,nl_regional_pv_ecmwf_mo_sat,1050,0.015895840079108443
358,358,nl_regional_pv_ecmwf_mo_sat,1065,0.015940431898552532
359,359,nl_regional_pv_ecmwf_mo_sat,1080,0.015993563373718038
360,360,nl_regional_pv_ecmwf_mo_sat,1095,0.016002313865146847
361,361,nl_regional_pv_ecmwf_mo_sat,1110,0.016129496315698478
362,362,nl_regional_pv_ecmwf_mo_sat,1125,0.01615169465601407
363,363,nl_regional_pv_ecmwf_mo_sat,1140,0.01634249290303301
364,364,nl_regional_pv_ecmwf_mo_sat,1155,0.016396366126331344
365,365,nl_regional_pv_ecmwf_mo_sat,1170,0.016487465513846642
366,366,nl_regional_pv_ecmwf_mo_sat,1185,0.01653032972280794
367,367,nl_regional_pv_ecmwf_mo_sat,1200,0.01663402367388158
368,368,nl_regional_pv_ecmwf_mo_sat,1215,0.01663767739982607
369,369,nl_regional_pv_ecmwf_mo_sat,1230,0.016737094741538307
370,370,nl_regional_pv_ecmwf_mo_sat,1245,0.01679763795051717
371,371,nl_regional_pv_ecmwf_mo_sat,1260,0.016855890335544466
372,372,nl_regional_pv_ecmwf_mo_sat,1275,0.016787894438492705
373,373,nl_regional_pv_ecmwf_mo_sat,1290,0.01683603121525963
374,374,nl_regional_pv_ecmwf_mo_sat,1305,0.016804956948991933
375,375,nl_regional_pv_ecmwf_mo_sat,1320,0.016864048156405003
376,376,nl_regional_pv_ecmwf_mo_sat,1335,0.016832592858196736
377,377,nl_regional_pv_ecmwf_mo_sat,1350,0.016912019448091373
378,378,nl_regional_pv_ecmwf_mo_sat,1365,0.01690452675898179
379,379,nl_regional_pv_ecmwf_mo_sat,1380,0.01698436055661863
380,380,nl_regional_pv_ecmwf_mo_sat,1395,0.016931533282558264
381,381,nl_regional_pv_ecmwf_mo_sat,1410,0.01696830970930281
382,382,nl_regional_pv_ecmwf_mo_sat,1425,0.016946366404416588
383,383,nl_regional_pv_ecmwf_mo_sat,1440,0.017005620563987016
384,384,nl_regional_pv_ecmwf_mo_sat,1455,0.016984850364522776
385,385,nl_regional_pv_ecmwf_mo_sat,1470,0.01706215919497053
386,386,nl_regional_pv_ecmwf_mo_sat,1485,0.01696058085650521
387,387,nl_regional_pv_ecmwf_mo_sat,1500,0.016987614321093598
388,388,nl_regional_pv_ecmwf_mo_sat,1515,0.016926665017648636
389,389,nl_regional_pv_ecmwf_mo_sat,1530,0.01695759386597876
390,390,nl_regional_pv_ecmwf_mo_sat,1545,0.016931579679665913
391,391,nl_regional_pv_ecmwf_mo_sat,1560,0.016987574741131044
392,392,nl_regional_pv_ecmwf_mo_sat,1575,0.016973666345709036
393,393,nl_regional_pv_ecmwf_mo_sat,1590,0.01702782731358849
394,394,nl_regional_pv_ecmwf_mo_sat,1605,0.016998174820812256
395,395,nl_regional_pv_ecmwf_mo_sat,1620,0.017052839793548984
396,396,nl_regional_pv_ecmwf_mo_sat,1635,0.017006206178757626
397,397,nl_regional_pv_ecmwf_mo_sat,1650,0.017120162676637688
398,398,nl_regional_pv_ecmwf_mo_sat,1665,0.017103824129145576
399,399,nl_regional_pv_ecmwf_mo_sat,1680,0.01720766435230437
400,400,nl_regional_pv_ecmwf_mo_sat,1695,0.017207704167101632
401,401,nl_regional_pv_ecmwf_mo_sat,1710,0.017307541436138094
402,402,nl_regional_pv_ecmwf_mo_sat,1725,0.017343059170017664
403,403,nl_regional_pv_ecmwf_mo_sat,1740,0.017510166775504845
404,404,nl_regional_pv_ecmwf_mo_sat,1755,0.017523037040592927
405,405,nl_regional_pv_ecmwf_mo_sat,1770,0.01770854909295494
406,406,nl_regional_pv_ecmwf_mo_sat,1785,0.017705364163994784
407,407,nl_regional_pv_ecmwf_mo_sat,1800,0.017763359705495092
408,408,nl_regional_pv_ecmwf_mo_sat,1815,0.01783852088606481
409,409,nl_regional_pv_ecmwf_mo_sat,1830,0.017920210244806806
410,410,nl_regional_pv_ecmwf_mo_sat,1845,0.018017536903377488
411,411,nl_regional_pv_ecmwf_mo_sat,1860,0.018137617249924385
412,412,nl_regional_pv_ecmwf_mo_sat,1875,0.01817918253964527
413,413,nl_regional_pv_ecmwf_mo_sat,1890,0.01827886977955218
414,414,nl_regional_pv_ecmwf_mo_sat,1905,0.01837439485298053
415,415,nl_regional_pv_ecmwf_mo_sat,1920,0.01848519335494387
416,416,nl_regional_pv_ecmwf_mo_sat,1935,0.018548374330086943
417,417,nl_regional_pv_ecmwf_mo_sat,1950,0.01865334909447783
418,418,nl_regional_pv_ecmwf_mo_sat,1965,0.018718850475385056
419,419,nl_regional_pv_ecmwf_mo_sat,1980,0.018860684689024514
420,420,nl_regional_pv_ecmwf_mo_sat,1995,0.01889297478315184
421,421,nl_regional_pv_ecmwf_mo_sat,2010,0.018991014190982314
422,422,nl_regional_pv_ecmwf_mo_sat,2025,0.01901885157933531
423,423,nl_regional_pv_ecmwf_mo_sat,2040,0.01914473837744869
424,424,nl_regional_pv_ecmwf_mo_sat,2055,0.019143983744777396
425,425,nl_regional_pv_ecmwf_mo_sat,2070,0.019214309542994613
426,426,nl_regional_pv_ecmwf_mo_sat,2085,0.01930954798089543
427,427,nl_regional_pv_ecmwf_mo_sat,2100,0.01941823204136912
428,428,nl_regional_pv_ecmwf_mo_sat,2115,0.019474578305947263
429,429,nl_regional_pv_ecmwf_mo_sat,2130,0.019629292306305873
430,430,nl_regional_pv_ecmwf_mo_sat,2145,0.019822869952016837
431,431,nl_regional_pv_ecmwf_mo_sat,2160,0.02021014265784735
432,576,nl_national_pv_ecmwf_sat_small,15,0.011509608893288021
433,577,nl_national_pv_ecmwf_sat_small,30,0.011043016043351724
434,578,nl_national_pv_ecmwf_sat_small,45,0.01111265890485501
435,579,nl_national_pv_ecmwf_sat_small,60,0.011659725128955755
436,580,nl_national_pv_ecmwf_sat_small,75,0.012364088322650823
437,581,nl_national_pv_ecmwf_sat_small,90,0.012986180877175037
438,582,nl_national_pv_ecmwf_sat_small,105,0.013746680220987828
439,583,nl_national_pv_ecmwf_sat_small,120,0.015694238857639774
440,584,nl_national_pv_ecmwf_sat_small,135,0.015616890951538705
441,585,nl_national_pv_ecmwf_sat_small,150,0.0162483938608372
442,586,nl_national_pv_ecmwf_sat_small,165,0.016522059285159783
443,587,nl_national_pv_ecmwf_sat_small,180,0.016673999279792604
444,588,nl_national_pv_ecmwf_sat_small,195,0.0170705379605667
445,589,nl_national_pv_ecmwf_sat_small,210,0.016855144388176226
446,590,nl_national_pv_ecmwf_sat_small,225,0.01713104392702496
447,591,nl_national_pv_ecmwf_sat_small,240,0.017527613791370442
448,592,nl_national_pv_ecmwf_sat_small,255,0.017547433596466884
449,593,nl_national_pv_ecmwf_sat_small,270,0.01727487270080268
450,594,nl_national_pv_ecmwf_sat_small,285,0.01742010765952212
451,595,nl_national_pv_ecmwf_sat_small,300,0.01744373689625522
452,596,nl_national_pv_ecmwf_sat_small,315,0.01739881563574017
453,597,nl_national_pv_ecmwf_sat_small,330,0.017727620987184937
454,598,nl_national_pv_ecmwf_sat_small,345,0.017652243792550742
455,599,nl_national_pv_ecmwf_sat_small,360,0.017829718435381555
456,600,nl_national_pv_ecmwf_sat_small,375,0.017516441582707768
457,601,nl_national_pv_ecmwf_sat_small,390,0.017709257833362423
458,602,nl_national_pv_ecmwf_sat_small,405,0.017576125392692717
459,603,nl_national_pv_ecmwf_sat_small,420,0.018060319072948975
460,604,nl_national_pv_ecmwf_sat_small,435,0.01765450148962664
461,605,nl_national_pv_ecmwf_sat_small,450,0.018022989579448635
462,606,nl_national_pv_ecmwf_sat_small,465,0.01824382432894953
463,607,nl_national_pv_ecmwf_sat_small,480,0.01831132328110176
464,608,nl_national_pv_ecmwf_sat_small,495,0.018176785604425778
465,609,nl_national_pv_ecmwf_sat_small,510,0.018296185573865906
466,610,nl_national_pv_ecmwf_sat_small,525,0.018294362982543808
467,611,nl_national_pv_ecmwf_sat_small,540,0.0183010531525582
468,612,nl_national_pv_ecmwf_sat_small,555,0.01830619098363425
469,613,nl_national_pv_ecmwf_sat_small,570,0.018379459373940966
470,614,nl_national_pv_ecmwf_sat_small,585,0.018390123907074306
471,615,nl_national_pv_ecmwf_sat_small,600,0.018575250931173633
472,616,nl_national_pv_ecmwf_sat_small,615,0.018431475126209237
473,617,nl_national_pv_ecmwf_sat_small,630,0.018775511011976016
474,618,nl_national_pv_ecmwf_sat_small,645,0.018798691796953555
475,619,nl_national_pv_ecmwf_sat_small,660,0.019301543290239823
476,620,nl_national_pv_ecmwf_sat_small,675,0.018804692958783245
477,621,nl_national_pv_ecmwf_sat_small,690,0.01892800447336706
478,622,nl_national_pv_ecmwf_sat_small,705,0.018804772427603294
479,623,nl_national_pv_ecmwf_sat_small,720,0.01890329734753238
480,624,nl_national_pv_ecmwf_sat_small,735,0.018984558622509154
481,625,nl_national_pv_ecmwf_sat_small,750,0.019301537926322315
482,626,nl_national_pv_ecmwf_sat_small,765,0.01921143717829381
483,627,nl_national_pv_ecmwf_sat_small,780,0.01939474458958248
484,628,nl_national_pv_ecmwf_sat_small,795,0.019294039748348785
485,629,nl_national_pv_ecmwf_sat_small,810,0.01934751456230823
486,630,nl_national_pv_ecmwf_sat_small,825,0.019798127439898377
487,631,nl_national_pv_ecmwf_sat_small,840,0.0201486920976495
488,632,nl_national_pv_ecmwf_sat_small,855,0.019886818260755685
489,633,nl_national_pv_ecmwf_sat_small,870,0.019983862950116008
490,634,nl_national_pv_ecmwf_sat_small,885,0.01959476614494006
491,635,nl_national_pv_ecmwf_sat_small,900,0.019949266295155896
492,636,nl_national_pv_ecmwf_sat_small,915,0.01965412157766406
493,637,nl_national_pv_ecmwf_sat_small,930,0.019327231597552456
494,638,nl_national_pv_ecmwf_sat_small,945,0.018891257757110185
495,639,nl_national_pv_ecmwf_sat_small,960,0.019418590350579638
496,640,nl_national_pv_ecmwf_sat_small,975,0.019308955639941415
497,641,nl_national_pv_ecmwf_sat_small,990,0.01977933666741062
498,642,nl_national_pv_ecmwf_sat_small,1005,0.019424857253591075
499,643,nl_national_pv_ecmwf_sat_small,1020,0.019629161415865102
500,644,nl_national_pv_ecmwf_sat_small,1035,0.019539622667545834
501,645,nl_national_pv_ecmwf_sat_small,1050,0.01951595555085866
502,646,nl_national_pv_ecmwf_sat_small,1065,0.019587092261307212
503,647,nl_national_pv_ecmwf_sat_small,1080,0.01937069154794633
504,648,nl_national_pv_ecmwf_sat_small,1095,0.019478013186776236
505,649,nl_national_pv_ecmwf_sat_small,1110,0.019598519910207987
506,650,nl_national_pv_ecmwf_sat_small,1125,0.019463503035159924
507,651,nl_national_pv_ecmwf_sat_small,1140,0.01959507026721915
508,652,nl_national_pv_ecmwf_sat_small,1155,0.01949916323974927
509,653,nl_national_pv_ecmwf_sat_small,1170,0.01979222495302031
510,654,nl_national_pv_ecmwf_sat_small,1185,0.01968915787177372
511,655,nl_national_pv_ecmwf_sat_small,1200,0.01990087703300246
512,656,nl_national_pv_ecmwf_sat_small,1215,0.019957803481564115
513,657,nl_national_pv_ecmwf_sat_small,1230,0.02039158383047657
514,658,nl_national_pv_ecmwf_sat_small,1245,0.020135420925073196
515,659,nl_national_pv_ecmwf_sat_small,1260,0.02008611487480302
516,660,nl_national_pv_ecmwf_sat_small,1275,0.020008877616482807
517,661,nl_national_pv_ecmwf_sat_small,1290,0.02035285499269024
518,662,nl_national_pv_ecmwf_sat_small,1305,0.020130124968766063
519,663,nl_national_pv_ecmwf_sat_small,1320,0.0202621199382965
520,664,nl_national_pv_ecmwf_sat_small,1335,0.020124195805927638
521,665,nl_national_pv_ecmwf_sat_small,1350,0.020202837453845043
522,666,nl_national_pv_ecmwf_sat_small,1365,0.020233045816504834
523,667,nl_national_pv_ecmwf_sat_small,1380,0.020436972928394127
524,668,nl_national_pv_ecmwf_sat_small,1395,0.020314619886948534
525,669,nl_national_pv_ecmwf_sat_small,1410,0.020336999037027008
526,670,nl_national_pv_ecmwf_sat_small,1425,0.020830296311036264
527,671,nl_national_pv_ecmwf_sat_small,1440,0.020446874025227497
528,672,nl_national_pv_ecmwf_sat_small,1455,0.02038589158560374
529,673,nl_national_pv_ecmwf_sat_small,1470,0.020570693056893293
530,674,nl_national_pv_ecmwf_sat_small,1485,0.020610788595334523
531,675,nl_national_pv_ecmwf_sat_small,1500,0.020682749553985313
532,676,nl_national_pv_ecmwf_sat_small,1515,0.020920607621198878
533,677,nl_national_pv_ecmwf_sat_small,1530,0.020790889303707556
534,678,nl_national_pv_ecmwf_sat_small,1545,0.02059564989190951
535,679,nl_national_pv_ecmwf_sat_small,1560,0.020896390289248376
536,680,nl_national_pv_ecmwf_sat_small,1575,0.02120401378670803
537,681,nl_national_pv_ecmwf_sat_small,1590,0.020917770610153496
538,682,nl_national_pv_ecmwf_sat_small,1605,0.020854550078120336
539,683,nl_national_pv_ecmwf_sat_small,1620,0.021311053435080374
540,684,nl_national_pv_ecmwf_sat_small,1635,0.021483189460835623
541,685,nl_national_pv_ecmwf_sat_small,1650,0.02138461551792405
542,686,nl_national_pv_ecmwf_sat_small,1665,0.020847270062787797
543,687,nl_national_pv_ecmwf_sat_small,1680,0.02064067478859379
544,688,nl_national_pv_ecmwf_sat_small,1695,0.020458522696037394
545,689,nl_national_pv_ecmwf_sat_small,1710,0.020774240931311833
546,690,nl_national_pv_ecmwf_sat_small,1725,0.020839953588947538
547,691,nl_national_pv_ecmwf_sat_small,1740,0.021014079953919965
548,692,nl_national_pv_ecmwf_sat_small,1755,0.020960083332686532
549,693,nl_national_pv_ecmwf_sat_small,1770,0.021109664369608525
550,694,nl_national_pv_ecmwf_sat_small,1785,0.020926081525674135
551,695,nl_national_pv_ecmwf_sat_small,1800,0.0211143753102483
552,696,nl_national_pv_ecmwf_sat_small,1815,0.02089897707643017
553,697,nl_national_pv_ecmwf_sat_small,1830,0.021278893676499593
554,698,nl_national_pv_ecmwf_sat_small,1845,0.02107560939424484
555,699,nl_national_pv_ecmwf_sat_small,1860,0.021174627640655926
556,700,nl_national_pv_ecmwf_sat_small,1875,0.020998289321767963
557,701,nl_national_pv_ecmwf_sat_small,1890,0.021224811838073582
558,702,nl_national_pv_ecmwf_sat_small,1905,0.020989631898383414
559,703,nl_national_pv_ecmwf_sat_small,1920,0.021391237098616435
560,704,nl_national_pv_ecmwf_sat_small,1935,0.021711510883091437
561,705,nl_national_pv_ecmwf_sat_small,1950,0.022400707538344933
562,706,nl_national_pv_ecmwf_sat_small,1965,0.021864746532913263
563,707,nl_national_pv_ecmwf_sat_small,1980,0.021519009571207198
564,708,nl_national_pv_ecmwf_sat_small,1995,0.02160317503422953
565,709,nl_national_pv_ecmwf_sat_small,2010,0.021972197115059162
566,710,nl_national_pv_ecmwf_sat_small,2025,0.02150965811892836
567,711,nl_national_pv_ecmwf_sat_small,2040,0.021704223774519495
568,712,nl_national_pv_ecmwf_sat_small,2055,0.02179554791811062
569,713,nl_national_pv_ecmwf_sat_small,2070,0.021861690202956675
570,714,nl_national_pv_ecmwf_sat_small,2085,0.021852726025544122
571,715,nl_national_pv_ecmwf_sat_small,2100,0.02223587550669561
572,716,nl_national_pv_ecmwf_sat_small,2115,0.022213504502433656
573,717,nl_national_pv_ecmwf_sat_small,2130,0.02260915482362091
574,718,nl_national_pv_ecmwf_sat_small,2145,0.023377994213484556
575,719,nl_national_pv_ecmwf_sat_small,2160,0.024168772004607555
576,720,nl_regional_pv_ecmwf_sat,15,0.00833572605839627
577,721,nl_regional_pv_ecmwf_sat,30,0.008396765407877947
578,722,nl_regional_pv_ecmwf_sat,45,0.008759933272457263
579,723,nl_regional_pv_ecmwf_sat,60,0.009567894162411833
580,724,nl_regional_pv_ecmwf_sat,75,0.010342116082635957
581,725,nl_regional_pv_ecmwf_sat,90,0.011069794665234606
582,726,nl_regional_pv_ecmwf_sat,105,0.011585276222229126
583,727,nl_regional_pv_ecmwf_sat,120,0.01225482449877222
584,728,nl_regional_pv_ecmwf_sat,135,0.012586803155508395
585,729,nl_regional_pv_ecmwf_sat,150,0.013107473847689097
586,730,nl_regional_pv_ecmwf_sat,165,0.013359132037070068
587,731,nl_regional_pv_ecmwf_sat,180,0.013660569434462417
588,732,nl_regional_pv_ecmwf_sat,195,0.013805937479986008
589,733,nl_regional_pv_ecmwf_sat,210,0.014088639615393531
590,734,nl_regional_pv_ecmwf_sat,225,0.014222207729179518
591,735,nl_regional_pv_ecmwf_sat,240,0.014531787583143056
592,736,nl_regional_pv_ecmwf_sat,255,0.014863353443817673
593,737,nl_regional_pv_ecmwf_sat,270,0.014966303360592894
594,738,nl_regional_pv_ecmwf_sat,285,0.01512785134794322
595,739,nl_regional_pv_ecmwf_sat,300,0.015211546851690606
596,740,nl_regional_pv_ecmwf_sat,315,0.015206909062065593
597,741,nl_regional_pv_ecmwf_sat,330,0.015345629222142127
598,742,nl_regional_pv_ecmwf_sat,345,0.01535802011215405
599,743,nl_regional_pv_ecmwf_sat,360,0.01551210373751785
600,744,nl_regional_pv_ecmwf_sat,375,0.015533177382941974
601,745,nl_regional_pv_ecmwf_sat,390,0.015621350741253546
602,746,nl_regional_pv_ecmwf_sat,405,0.015594206746195688
603,747,nl_regional_pv_ecmwf_sat,420,0.015769139514180457
604,748,nl_regional_pv_ecmwf_sat,435,0.015709078908092155
605,749,nl_regional_pv_ecmwf_sat,450,0.0157584980459485
606,750,nl_regional_pv_ecmwf_sat,465,0.0157852234400104
607,751,nl_regional_pv_ecmwf_sat,480,0.015909998628379544
608,752,nl_regional_pv_ecmwf_sat,495,0.01580991059317728
609,753,nl_regional_pv_ecmwf_sat,510,0.01581963493350188
610,754,nl_regional_pv_ecmwf_sat,525,0.015794915851714247
611,755,nl_regional_pv_ecmwf_sat,540,0.015912760640468298
612,756,nl_regional_pv_ecmwf_sat,555,0.015832033418600244
613,757,nl_regional_pv_ecmwf_sat,570,0.015952904376340244
614,758,nl_regional_pv_ecmwf_sat,585,0.01596127066569065
615,759,nl_regional_pv_ecmwf_sat,600,0.016059463251069744
616,760,nl_regional_pv_ecmwf_sat,615,0.016014972273119748
617,761,nl_regional_pv_ecmwf_sat,630,0.016047465980450603
618,762,nl_regional_pv_ecmwf_sat,645,0.01608221456371949
619,763,nl_regional_pv_ecmwf_sat,660,0.016127956872092224
620,764,nl_regional_pv_ecmwf_sat,675,0.016007697410611515
621,765,nl_regional_pv_ecmwf_sat,690,0.016063041025975378
622,766,nl_regional_pv_ecmwf_sat,705,0.016045578577013563
623,767,nl_regional_pv_ecmwf_sat,720,0.016092190395685806
624,768,nl_regional_pv_ecmwf_sat,735,0.016015557696382868
625,769,nl_regional_pv_ecmwf_sat,750,0.016115268803596358
626,770,nl_regional_pv_ecmwf_sat,765,0.01616770142278691
627,771,nl_regional_pv_ecmwf_sat,780,0.016236177249539928
628,772,nl_regional_pv_ecmwf_sat,795,0.016191930077491187
629,773,nl_regional_pv_ecmwf_sat,810,0.016178539638233288
630,774,nl_regional_pv_ecmwf_sat,825,0.016180079694429715
631,775,nl_regional_pv_ecmwf_sat,840,0.016249167625547067
632,776,nl_regional_pv_ecmwf_sat,855,0.016221707431210854
633,777,nl_regional_pv_ecmwf_sat,870,0.016316620297709597
634,778,nl_regional_pv_ecmwf_sat,885,0.016313060718818877
635,779,nl_regional_pv_ecmwf_sat,900,0.016370792912046378
636,780,nl_regional_pv_ecmwf_sat,915,0.016373366177608303
637,781,nl_regional_pv_ecmwf_sat,930,0.016472366871879248
638,782,nl_regional_pv_ecmwf_sat,945,0.016483481062940245
639,783,nl_regional_pv_ecmwf_sat,960,0.01660553165050549
640,784,nl_regional_pv_ecmwf_sat,975,0.01661395486275701
641,785,nl_regional_pv_ecmwf_sat,990,0.01672770855186018
642,786,nl_regional_pv_ecmwf_sat,1005,0.016786902133290565
643,787,nl_regional_pv_ecmwf_sat,1020,0.016896246596024938
644,788,nl_regional_pv_ecmwf_sat,1035,0.016880240544837093
645,789,nl_regional_pv_ecmwf_sat,1050,0.017003367239511725
646,790,nl_regional_pv_ecmwf_sat,1065,0.017005033727389995
647,791,nl_regional_pv_ecmwf_sat,1080,0.01713627339177486
648,792,nl_regional_pv_ecmwf_sat,1095,0.01719068384147693
649,793,nl_regional_pv_ecmwf_sat,1110,0.01734392966029609
650,794,nl_regional_pv_ecmwf_sat,1125,0.01745295858600814
651,795,nl_regional_pv_ecmwf_sat,1140,0.017626525930044667
652,796,nl_regional_pv_ecmwf_sat,1155,0.01766915998712819
653,797,nl_regional_pv_ecmwf_sat,1170,0.01778722688071531
654,798,nl_regional_pv_ecmwf_sat,1185,0.01781177640258594
655,799,nl_regional_pv_ecmwf_sat,1200,0.01795939374246076
656,800,nl_regional_pv_ecmwf_sat,1215,0.017970511141772987
657,801,nl_regional_pv_ecmwf_sat,1230,0.018114218949244244
658,802,nl_regional_pv_ecmwf_sat,1245,0.018107411032754827
659,803,nl_regional_pv_ecmwf_sat,1260,0.018271129391305974
660,804,nl_regional_pv_ecmwf_sat,1275,0.01821868920232185
661,805,nl_regional_pv_ecmwf_sat,1290,0.01824451184228597
662,806,nl_regional_pv_ecmwf_sat,1305,0.018256445943419877
663,807,nl_regional_pv_ecmwf_sat,1320,0.018351885523546486
664,808,nl_regional_pv_ecmwf_sat,1335,0.01839081235146938
665,809,nl_regional_pv_ecmwf_sat,1350,0.018472128840532256
666,810,nl_regional_pv_ecmwf_sat,1365,0.01844501015570017
667,811,nl_regional_pv_ecmwf_sat,1380,0.018517974912834245
668,812,nl_regional_pv_ecmwf_sat,1395,0.01852951973104953
669,813,nl_regional_pv_ecmwf_sat,1410,0.018624801313790927
670,814,nl_regional_pv_ecmwf_sat,1425,0.018577498530656954
671,815,nl_regional_pv_ecmwf_sat,1440,0.018504054773597716
672,816,nl_regional_pv_ecmwf_sat,1455,0.018468539128932232
673,817,nl_regional_pv_ecmwf_sat,1470,0.018572264135561446
674,818,nl_regional_pv_ecmwf_sat,1485,0.0185536504214979
675,819,nl_regional_pv_ecmwf_sat,1500,0.01856921558583655
676,820,nl_regional_pv_ecmwf_sat,1515,0.018482219445964496
677,821,nl_regional_pv_ecmwf_sat,1530,0.01850990832830773
678,822,nl_regional_pv_ecmwf_sat,1545,0.01849262097840063
679,823,nl_regional_pv_ecmwf_sat,1560,0.018578052735359344
680,824,nl_regional_pv_ecmwf_sat,1575,0.018607601583511768
681,825,nl_regional_pv_ecmwf_sat,1590,0.018654685431024217
682,826,nl_regional_pv_ecmwf_sat,1605,0.018689162050469058
683,827,nl_regional_pv_ecmwf_sat,1620,0.018730603671896665
684,828,nl_regional_pv_ecmwf_sat,1635,0.01873352450582781
685,829,nl_regional_pv_ecmwf_sat,1650,0.018838804490700384
686,830,nl_regional_pv_ecmwf_sat,1665,0.018800699261990936
687,831,nl_regional_pv_ecmwf_sat,1680,0.01885982643055018
688,832,nl_regional_pv_ecmwf_sat,1695,0.018830745497992293
689,833,nl_regional_pv_ecmwf_sat,1710,0.018883197039446853
690,834,nl_regional_pv_ecmwf_sat,1725,0.018927312258050513
691,835,nl_regional_pv_ecmwf_sat,1740,0.01901257279625983
692,836,nl_regional_pv_ecmwf_sat,1755,0.018976728324375226
693,837,nl_regional_pv_ecmwf_sat,1770,0.019173676225317442
694,838,nl_regional_pv_ecmwf_sat,1785,0.019184535973808696
695,839,nl_regional_pv_ecmwf_sat,1800,0.019302290240312905
696,840,nl_regional_pv_ecmwf_sat,1815,0.019340901811515467
697,841,nl_regional_pv_ecmwf_sat,1830,0.019344039142701587
698,842,nl_regional_pv_ecmwf_sat,1845,0.0193838216556416
699,843,nl_regional_pv_ecmwf_sat,1860,0.019486768284748823
700,844,nl_regional_pv_ecmwf_sat,1875,0.019485856037994735
701,845,nl_regional_pv_ecmwf_sat,1890,0.019538711679967458
702,846,nl_regional_pv_ecmwf_sat,1905,0.019508856895610403
703,847,nl_regional_pv_ecmwf_sat,1920,0.019509733196247887
704,848,nl_regional_pv_ecmwf_sat,1935,0.01951752347506757
705,849,nl_regional_pv_ecmwf_sat,1950,0.019669996444640535
706,850,nl_regional_pv_ecmwf_sat,1965,0.01975044509435949
707,851,nl_regional_pv_ecmwf_sat,1980,0.019864128914594912
708,852,nl_regional_pv_ecmwf_sat,1995,0.01983313076514445
709,853,nl_regional_pv_ecmwf_sat,2010,0.019938025493383024
710,854,nl_regional_pv_ecmwf_sat,2025,0.01991118405487934
711,855,nl_regional_pv_ecmwf_sat,2040,0.020123468865438417
712,856,nl_regional_pv_ecmwf_sat,2055,0.020123733548050977
713,857,nl_regional_pv_ecmwf_sat,2070,0.020249213188505217
714,858,nl_regional_pv_ecmwf_sat,2085,0.02034892121088014
715,859,nl_regional_pv_ecmwf_sat,2100,0.020486226246209382
716,860,nl_regional_pv_ecmwf_sat,2115,0.020446571301860148
717,861,nl_regional_pv_ecmwf_sat,2130,0.020577218589525163
718,862,nl_regional_pv_ecmwf_sat,2145,0.02076146086393861
719,863,nl_regional_pv_ecmwf_sat,2160,0.021089268103528534
